destination,Afghanistan,Albania,Algeria,American_Samoa,Andorra,Angola,Anguilla,Antigua_and_Barbuda,Argentina,Armenia,Aruba,Australia,Austria,Azerbaijan,Bahamas,Bahrain,Bangladesh,Barbados,Belarus,Belgium,Belize,Benin,Bermuda,Bhutan,Bolivia_(Plurinational_State_of),Bosnia_and_Herzegovina,Botswana,Brazil,British_Virgin_Islands,Brunei_Darussalam,Bulgaria,Burkina_Faso,Burundi,Cape_Verde,Cambodia,Cameroon,Canada,Cayman_Islands,Central_African_Republic,Chad,Channel_Islands,Chile,China,Hong_Kong,Macao,Colombia,Comoros,Congo,Cook_Islands,Costa_Rica,Côte_d'Ivoire,Croatia,Cuba,Curaçao,Cyprus,Czechia,Dem._Rep._Korea,Democratic_Republic_of_the_Congo,Denmark,Djibouti,Dominica,Dominican_Republic,Ecuador,Egypt,El_Salvador,Equatorial_Guinea,Eritrea,Estonia,Eswatini,Ethiopia,Falkland_Islands,Faeroe_Islands,Fiji,Finland,France,French_Polynesia,Gabon,Gambia,Georgia,Germany,Ghana,Greece,Greenland,Grenada,Guam,Guatemala,Guinea,Guinea-Bissau,Guyana,Haiti,Honduras,Hungary,Iceland,India,Indonesia,Iran,Iraq,Ireland,Isle_of_Man,Israel,Italy,Jamaica,Japan,Jordan,Kazakhstan,Kenya,Kiribati,Kuwait,Kyrgyzstan,Lao_PDR,Latvia,Lebanon,Lesotho,Liberia,Libya,Liechtenstein,Lithuania,Luxembourg,Madagascar,Malawi,Malaysia,Mali,Malta,Marshall_Islands,Mauritania,Mexico,Micronesia,Monaco,Mongolia,Montenegro,Montserrat,Morocco,Mozambique,Myanmar,Namibia,Nauru,Nepal,Netherlands,New_Caledonia,New_Zealand,Nicaragua,Niger,Nigeria,Niue,Macedonia,Northern_Mariana_Islands,Norway,Oman,Pakistan,Palau,Panama,Papua_New_Guinea,Paraguay,Peru,Philippines,Poland,Portugal,Puerto_Rico,Qatar,Korea,Moldova,Romania,Russia,Rwanda,Saint_Kitts_and_Nevis,Saint_Lucia,Saint_Pierre_and_Miquelon,Saint_Vincent_and_the_Grenadines,Samoa,San_Marino,São_Tomé_and_Principe,Saudi_Arabia,Senegal,Serbia,Sierra_Leone,Singapore,Sint_Maarten,Slovakia,Slovenia,Solomon_Islands,Somalia,South_Africa,South_Sudan,Spain,Sri_Lanka,State_of_Palestine,Sudan,Suriname,Sweden,Switzerland,Syria,Tajikistan,Thailand,Timor-Leste,Togo,Tonga,Trinidad_and_Tobago,Tunisia,Turkey,Turkmenistan,Turks_and_Caicos_Islands,Uganda,Ukraine,United_Arab_Emirates,United_Kingdom,United_Republic_of_Tanzania,United_States_of_America,United_States_Virgin_Islands,Uruguay,Uzbekistan,Vanuatu,Venezuela_(Bolivarian_Republic_of),Viet_Nam,Wallis_and_Futuna_Islands,Western_Sahara,Yemen,Zambia,Zimbabwe
Afghanistan,,,,,,,,,,,,,,,,,,,,,,,,,,,,,,,,,,,,,,,,,,,,,,,,,,,,,,,,,,,,,,,,,,,,,,,,,,,,,,,,,,,,,,,,,,,,,,,,,,,,,,,,,,,,,,,,,,,,,,,,,,,,,,,,,,,,,,,,,,,,,,,,,,,,,348369,,,,,,,,,,,,,,,,,,,,,,,,,,,,,,,,,,,,,,,,,,,15031,,,,,,,,,,,,,,,,,,751,,,,,,,,
Albania,,,,,,,,,,,,,,,,,,,,,,,,,,,,,,,,,,,,,906,,,,,,,,,,,,,,,,,,,,,,,,,,,,,,,,,,,,,,,,,,,,,31596,,,,,,,,,,,,,,,,,,,8896,,,,,,,,,,,,,,,,,,,,,,,,,,,,,,,,,,,,,,,,,,,,534,,,,,,,,,,,,,,,,,,,,,,,,,,,,,,,,,,,,,,,,,,,,,,,,,,,,,,1961,,,,,,,,2373,,,,,,,,,,,
Algeria,,,,,,,,,,,,,,,,,,,,,,,,,,,,,,,,,,,,,,,,,,,,,,,,,,,,,,,,,,,,,,,,,,,,,,,,,,,530,,,,,743,,,,,,,,,,,,,,,1382,,7256,,,,707,,,2161,,,,1144,,,,1171,,,2225,,,,,,838,,,,,,,,,,,,,,,,,,,,,,,,,,,,,,,,,,,,,,,,,,767,,,,,,,,,3757,,,,,,,,,11076,,,,,30319,1527,,,,2941,,,,,,,,,,,,,,764,,1046,,,,,,,,158854,2263,,
American_Samoa,,,,,,,,,,,,,,,,,,,,,,,,,,,,,,,,,,,,,,,,,,,598,,,,,,,,,,,,,,,,,,,,,,,,,,,,,,332,,,,,,,,,,,,,,,,,,,,,,,,,,,,,,,,,,,,,,,,,,,,,,,,,,,,,,,,,,,,,,,,,,,724,,,,,,,,,,,,,,,1115,,,,,295,,,,,,,,,15813,,,,,,,,,,,,,,,,,,,,,,,,,,,1288,,,,,,,,,,,2548,,,,,,211,,,,,
Andorra,,,,,,,,,682,,,65,,,,,,,,215,,,,,,,,,,,,,,,,,,,,,,214,,,,,,,,,,,,,,,,,112,,,,,,,,,,,,,,,,3890,,,,,339,,,,,,,,,,,,,,,,,,,,,458,,,,,,,,,,,,,,,,,,,,,,,,,,,,,,,470,,,,,,244,,,,,,,,,,,,,,,,,425,,10697,,,,,,,,,,,,,,,,,,,,,,,,,,,20577,,,,,49,80,,,,,,,,,,,,,,,1054,,105,,102,,,,,,,,,
Angola,,,,,,,,,,,,,,,,,,,,,,,,,,,,,,,,,,8877,,,,,,31,,,,,,,,1021,,,46,,,,,,,77548,,,,,,,,,,,,,,,,,,,,,,,,,,,,,324,,,,,,,,,,,,,,,,,,,,,,,,,,,,,,,,,,,,,,,,,,,,,,240,,859,,,,,,,,,,,,,,,,,,,,,,6012,,,,,,,1215,,,,,,,6601,,,,,,,,,,,6064,,,,,,,,,,,,,,,,,,,,,,,,,,,,,,,,,,,297,
Anguilla,,,,,,,,,,,,,,,,,,,,,,,,,,,,,,,,,,,,,57,,,,,,,,,,,,,,,,,,,,,,,,,653,,,,,,,,,,,,,,,,,,,,,,,,,,,382,,,,,,,,,,,,,464,,,,,,,,,,,,,,,,,,,,,,,,,,,,,285,,,,,,,,,,,,,,,,,,,,,,,,,,,,,,,,,,903,,,,,,,,,,,,,,,,,,,,,,,,,,,,,,,,,,,,,,,,418,,454,406,,,,,,,,,,
Antigua_and_Barbuda,,,,,,,39,,,,5,7,,,2,,,302,,,14,,14,,,,,,98,,,,,,,,434,,,,,,134,,,,,,,,,,20,19,,,,,,,4745,1784,,10,,,,,,90,,,,,41,,,,,83,31,,,192,,,,,6472,33,7,,,79,,,,,,,72,3990,20,,,,,,,,,55,,,,,,,,,,,,,,5,,,,,1138,,,,,,,16,,12,,,40,,,,,,0,,,,,,,,,53,,,,,,,476,676,,918,,,,,,,,,23,,,,,45,,12,,,,45,,,244,,,,,,720,,,,6,,,,994,,2626,711,,,,39,,,,,,
Argentina,9,66,104,,1,9,,,,561,1,275,1022,,,12,,7,304,537,6,,,,419048,,,48792,,1,295,11,,24,20,,530,,,,,213119,14397,4,,8640,,42,,123,1,986,1106,,47,1793,14,,245,,4,684,955,238,73,,,49,,32,,,1,70,8160,,,,,9242,,1017,15,11,,96,1,,,41,66,816,8,97,21,137,37,64,,557,152338,11,4453,73,,2,,,,283,124,791,,,51,78,392,96,7,,2,,2,,,1450,4,10,,,,212,11,9,2,,,387,,11,91,1,43,,1489,,58,,5,,161,,679044,195320,58,7315,4961,75,,8154,456,1078,1884,,,,,,,16,,80,,,,2,,,810,,2,126,,98050,2,,8,5,204,794,1125,,60,,,,34,45,635,,,1,4408,,943,1,5135,,132749,,8,1240,5,,,,1,2
Armenia,,,,,,,,,,,,,,78908,,,,,306,,,,,,,,,,,,,,,,,,,,,,,,,,,,,,,,,,,,,,,,,,,,,,,,,,,,,,,,,,,,38094,635,,1021,,,,,,,,,,,,,,8135,1033,,,,,,,,791,,,,,,,853,,,,,,,,,,,,,,,,,,,,,,,,,,,,,,,,,,,,,,,,,,,,,,,,,,,19170,,,,,,,,,,,,,,,,,,,,,,,,,,,,17538,,,,,,,,542,816,,,2464,,,,,,,989,,,,,,,,
Aruba,,,,,,,,,,,,,,,,,,,,,,,,,,,,,,,,,,,,,,,,,,,1127,,,9762,,,,,,,,2455,,,,,,,107,4327,,,,,,,,,,,,,,,,,,,,,,258,,,,,289,1632,,,,330,,,,,,,,746,,,,,,,,,,,,,,,,,,,,,,,,,,,,,,,,,,,,4585,,,107,,,,,,,,,,,,,1134,1004,,164,,,,,,,,,,,113,,,,,,,,,701,,,,,,,,,,,1337,,,,,,,,,,,10,,,,,,,,612,,,,,3399,,,,,,
Australia,49550,3460,1600,120,20,560,,60,15510,1460,70,,17990,650,310,1730,43090,450,2180,7290,80,110,580,5850,1050,36750,1320,26790,0,2890,3930,60,2390,40,34420,450,52590,130,30,70,,30180,508870,95050,2780,19810,,1610,8040,500,600,61820,880,150,20100,13240,220,4270,10230,190,40,210,2810,44680,11350,,4660,3440,390,13130,120,30,72600,9210,36670,530,50,130,620,119100,5900,115820,,140,120,540,940,20,660,120,320,21120,610,449040,77000,61690,70870,90530,810,11240,198510,1290,47560,6530,1920,19720,650,6580,490,11030,4990,93290,150,3520,2790,20,3370,250,290,1400,143420,80,44070,50,60,5390,40,80,1780,2030,,2170,1010,32160,1430,690,50150,80620,1560,575430,860,30,8360,940,49990,0,4360,1560,62270,,250,,500,11270,241130,54530,19140,170,1100,106550,1160,17070,25760,980,19,13,,47,27780,,,14480,430,33820,3990,59480,,6720,8060,2300,8650,177390,7480,17730,119700,3190,19730,170,11480,14190,14170,160,66400,10000,370,11880,1910,660,39710,100,,3800,17090,8090,1206060,4500,104650,,10580,1840,1380,5760,235590,,,710,7310,40170
Austria,8620,3147,1290,,2,341,,7,1523,3051,,2490,,1076,22,21,2737,21,1667,2575,41,80,19,24,509,155164,25,5186,,6,15733,121,97,41,958,654,2547,,29,12,,1258,17713,281,17,1570,,457,,179,213,40006,879,,325,54997,2687,700,1418,7,51,3125,662,14891,68,10,104,372,23,1276,,,18,1598,8964,,24,628,3316,223705,2474,4003,,15,1,372,303,68,19,63,98,44468,188,13576,1214,15495,5524,985,,2562,29738,208,2970,749,1103,982,,253,648,124,806,1841,4,274,459,378,909,763,75,38,483,99,108,,33,1512,1,24,1804,21842,,1926,67,71,183,1,588,8476,,443,208,31,8485,,21921,,966,31,4814,1,62,60,229,1688,13856,65989,1723,6,25,125,1779,70267,30972,211,2,14,,10,4,1,2,477,335,195177,267,286,,27170,17908,14,1215,2792,,4122,981,277,635,20,3551,15802,3320,284,5604,,219,7,70,3690,184847,140,,274,8232,176,11013,157,11054,,282,754,7,915,3344,,,95,113,298
Azerbaijan,186,,,,,,,,,148503,,,,,,,,,459,,,,,,,,,,,,,,,,,,,,,,,,,,,,,,,,,,,,,,,,,,,,,,,,,486,,,,,,,,,,,51141,285,,,,,,,,,,,,,,,,1530,,,,,,,,,3621,,,,2556,,,,,,,,,,,,,,,,,,,,,,,,,,,,,,,,,,,,,,,,,,,,,,,,,,,,283,,28760,,,,,,,,,,,,,,,,,,,,,,,,,,,,,249,,,,,,,2121,1724,,,2817,,,,,,,17030,,,,,,,,
Bahamas,,,,,,,,14,111,,,83,40,,,,,238,,30,44,,39,,,,14,121,3,,21,,,,,,1567,23,,,,35,172,26,,193,,,,54,,,401,,,,,,16,,75,291,43,31,73,,,16,12,,,,,,143,,,,,289,48,91,,33,,35,,,1335,27591,43,,,598,33,,,59,,,158,7503,35,,,21,,,,,,,,,,,,,,,,,,,,134,,,,,,,,,,,,54,,24,10,,160,,,,12,,0,,52,,,314,1117,20,16,,,,,102,56,,34,78,,40,,,,,,,,,,,,,,104,,111,39,,,,29,307,,,,,,,390,,,,1545,12,18,,1993,,9664,,17,,,30,,,,,,15
Bahrain,656,,,,,,,,,,,,,,,,78396,,,,,,,,,,,,,,,,,,,,,,,430,,,,,,,,,,,,,,,,,,,,,,,,80889,,,1550,,,678,,,,,2027,,,,,,,,,,,,,,,,,,,302635,22513,,,,,,,,,14493,,,,5409,,,,4508,,,,,,,,,,,,,,,,,,,,648,,,,,3789,213,,,,,1952,,,,,,74710,,,,,,48059,,,,346,,,,,,,,,,,,,408,,,,,,,,,519,,849,,9841,4671,7522,,,,3044,,1159,,,,,468,2170,,,,,4041,1657,,1120,,,,,,,,,15003,,
Bangladesh,,,,,,,,,,,,,,,,30160,,,,,,,,,,,,14919,,,,,,,19642,,,,,,,,162772,,,,,,,,,,,,,,,,,,,,,,,,,,,,,,,,,,,,,,,,,,,,,,,,,,,34431,152862,,,,,,,,13763,,,,,,,88155,,,,,,,,,,,203561,,,,,,,,,,,,,237369,,,39059,,,,,,,,,,14311,,,,,,,,,,,,,,,,,,,,,,,,,,,,,9583,,,,,,,,,,,,,,,,,10548,,,,,,,,,,,,33470,,46008,,,,,,27521,,,,,
Barbados,,,,,,,,194,,,,24,,,49,,,,,,22,,28,,,,,,,,,,,,,,689,,,,,,43,,,,,,,,,,58,,,,,,,,337,,,,,,,,,,,,,,,,,,,,,,,389,,,,,6594,33,,,,463,,,,,,,,994,,,,,,,,,,,,,,,,,,,,,,,,,,,,,,,,,,,,,,,,,,,,,,,,,,,,,,,,,,,,,,,109,2177,,3114,,,,,,,,,,,,,,,,,,,,47,,,,,,,,,1490,,,,,,,,2509,,1034,,,,,,,,,,,
Belarus,282,,53,,,,,,102,5728,,28,59,13493,,,,,,36,,,,,,,,94,,,61,,,,,,155,,,,,,,,,,,,,,,,44,,,96,60,,199,,,,,,,,,3243,,25,,,,2111,,,,,8507,66,,108,,,,,,,,,,342,,48,,49,,24,,387,24,,,30,69957,,,,5234,,10486,65,,,,,17385,,,,,,,,,,,,168,,,,,,,,,,,,,,,,,,61,,47,,,,,,,478,,,,29,7608,23,682362,,,,,,,,,,,35,,,,27,,,,,,35,,,,,340,29,83,5679,,,,,,,25,5464,,,225734,23,461,,87,,28,14788,,,366,,,33,,
Belgium,12819,9380,25666,,,6327,,,2261,1413,,1487,3296,202,15,52,2706,17,481,,,1387,,280,1152,521,45,12618,,,28749,1348,6824,735,1444,16056,4917,,411,496,,4223,19048,,,6119,,4084,,284,5642,249,1724,,488,657,131,83629,2405,1212,147,2666,6145,4322,547,82,248,729,,4056,,,26,2560,182214,,614,711,499,81532,8956,16193,,,,832,12984,276,92,1925,261,8032,233,19815,3354,10554,11076,3333,,3532,119955,397,4677,1061,1051,1420,,258,334,1149,1218,6349,17,916,737,5,1512,13351,2079,95,719,940,435,,2172,2375,,134,778,15,,208072,447,224,67,0,3529,128544,,386,302,1778,5539,,1290,,1164,32,11995,0,171,35,447,3593,10423,73447,34303,,,4306,775,65150,6904,13990,,,,,,14,85,485,5404,343,1964,588,,1307,154,,3319,3596,,46030,1901,660,1047,3017,3342,5048,10860,48,8668,,5502,,,13996,98250,9,,667,1394,,22484,615,15979,,490,395,,1511,8206,,,201,338,459
Belize,,,,,,,,,,,,,,,,,,,,,,,,,,,,,,,,,,,,,807,,,,,,2048,71,,,,,,,,,,,,,,,,,,,,,8828,,,,,,,,,,,,,,,68,,,,,,23580,,,,54,8624,,,592,,,,,,,,496,,,,,,,,,,54,,,,,,,,,,,,,,3523,,,,,,,,,,,,,,,,,44,,,,,,,,,,,,,,,,,,,,,,,,,,,,,,,,,,,,,,,,,,,,,,,,,,,,,,,,,,,,,,409,,4097,,,,,,,,,,,
Benin,,,,,,,,,,,,,,,,,,,,,,,,,,,,,,,,12004,,,,,,,,969,,,,,,,,3783,,,31920,,,,,,,,,,,,,,,,,,,,,,,,1304,,,,,,15076,,,,,,,,,,,,,,,,,,,,,,,,,,,,,,,,,,,,,,,,,3260,,,,,,,,,,,,,,,,,,,,72579,80960,,,,,,,,,,,,,,,,,,,,,,,,,,,,,,,,,,,,,,,,,,,,,,,,,,,,105441,,,,,,,,,,,,,,,,,,,,,,,
Bermuda,,,,,,,,,,,,69,32,,,,,,,23,,,,,,,,,,,,,,,,,2302,,,,,,350,,,,,,,,,,30,,,,,,36,,,21,,,,,,,,,,,,,145,,,,,249,125,106,,,,,,,102,1680,,,,529,,,,102,,75,73,609,674,,,,,,,,,,,,,,,,,,37,,,,,,,,,,,,,,,,,,,,,,188,,,,,,37,,,,,,411,33,1622,,,,,26,,,,,,,,,,,,,,,,,,,,262,,130,,,,,,125,,,,,,,68,,144,,83,,,,4061,,3527,,,,,,,,,,,
Bhutan,,,,,,,,,,,,27,,,,,52,,,,,,,,,,,,,,,,,,,,37,,,,,,906,,,,,,,,,,,,,,,,38,,,,,,,,,,,,,,,,30,,,,,27,,,,,,,,,,,,,,44732,,,,,,,13,,127,,,,,,,,,,,,,,,,,,,,,,,,,,,,,,,34,,,717,20,,24,,,,,,,,,22,,,,,,19,,,,,33,,,,,,,,,,,,,,,,18,,,,,,,,,33,,,,23,24,,,61,,,,,,,,,,,,36,,136,,,,,,,,,,,
Bolivia_(Plurinational_State_of),1,1,3,,0,6,,0,42691,5,2,228,159,1,0,0,28,0,5,377,905,1,0,,,10,,25688,,,24,,0,128,0,12,1380,,65,0,,4730,1127,2,,2964,,7,,146,3,38,1770,167,2,52,10,3,107,,3,116,1002,21,127,,0,6,,2,,,0,40,1237,,0,,2,2022,14,26,,0,,142,9,,5,15,231,27,2,107,10,62,10,77,2,182,1427,7,1660,16,23,14,,5,5,0,0,37,0,2,3,0,9,6,5,7,8,1,5,,1,9522,,0,1,2,,24,3,0,,,6,382,0,64,111,0,13,1,12,,97,0,23,,109,1,4285,11282,47,218,175,38,1,505,8,72,328,1,0,,0,,,,,13,8,21,2,1,48,20,9,1,3,17,,12181,2,13,2,0,293,659,2,1,9,,1,0,5,1,37,0,,0,114,0,903,5,4896,,509,5,0,773,12,,,0,2,3
Bosnia_and_Herzegovina,,,,,,,,,,,,,209,,,,,,,,,,,,,,,,,,,,,,,,,,,,,,,,,,,,,,,12776,,,,,,,,,,,,,,,,,,,,,,,174,,,,,554,,,,,,,,,,,,160,,,,,,,,,116,,,,,,,,,,,,,,,,,,,,,,,,,,,,,4398,,,,,,,,,,,,,,,3079,,,,,,,,,,,,,,,,,406,177,,,,,,,,,,,10222,,,,3389,1961,,,,,,,,,,,,,,,,,,,,,,,,,,,,,,,,,,,,,,,
Botswana,,,,,,731,,,,,,367,,,,,,,,,,,,,,,,,,,,,,,,,174,,,,,,4475,,,,,,,,,,,,,,,1058,324,,,,,,,,,,571,,,,,,,,,,,316,,,,,,,,,,,,,,5293,,,,588,,,512,,,,,1135,,,,,,,261,,,,,,526,1386,,,,,,,,,,,,,567,,927,,,598,,,,,1156,,,,367,,436,,,,,,,,436,,,,,,,,,,,,,,,,,,,,,,,,,5370,,,927,,,,410,,,,,,,,,,,,,305,,,1233,764,862,,,,,,,,,,4136,60205
Brazil,69,,219,,12,7694,,,34699,63,,703,2791,,18,31,54,33,10,2022,6,31,,,46336,82,,,,170,284,30,25,1426,33,166,1894,,13,,,18422,23156,,,8179,,95,,461,396,683,2479,,,533,172,116,589,,25,372,2065,3720,272,66,,217,,12,,,,617,11411,,36,,76,19389,73,1839,,31,,348,69,1128,2264,65,151,1821,576,1052,869,638,609,205,,2401,44366,165,58564,1258,29,54,102,24,,6,169,14726,,41,114,19,754,64,42,11,145,7,33,,,3198,,151,,26,,606,1702,14,58,,60,3968,,326,438,16,1335,,46,,685,23,307,24,621,,46857,17931,426,4157,164705,,,10239,,2036,1656,16,36,173,,35,,41,70,391,222,517,7,137,,253,211,,,1894,,36691,,,,325,757,3563,2461,8,549,59,11,,224,95,432,25,,77,875,39,5905,105,21068,,28708,31,,3425,152,,,,,122
British_Virgin_Islands,,,,,,,,757,,,,23,,,25,,,183,,,,,,,,,,,,,,,,,,,235,,,,,,,,,,,,,,,,,,,,,,,,1230,1709,,,,,,,,,,,,,23,,,,,58,,,,,,,,,2266,,,,,39,,,,,,,,1901,,,,,,,,,,23,,,,,,,,,,,,,,,,,,,210,,,,,,,,,,,,,,,,,,,,,,,,,,,525,,,,,,,1360,516,,2205,,,,,,,,,,,,,,,,,,,,,,,,,,,,,403,,,,,,,,800,,1722,,,,,,,,,,,
Brunei_Darussalam,,,,,,,,,,,,515,,,,,1234,,,,,,,,,,,,,,,,,,,,,,,,,,2055,515,,,,,,,,,,,,,,,,,,,,,,,,,,,,,,,,,,,,,,,,,,,,,,,,,,3081,6165,,,,,,,,204,,,,,,,,,,,,,,,,,,48285,,,,,,,,,,,,,,,,5344,307,,204,,,,,,,,,821,,,,,,13457,,,,,153,,,,,,,,,,,,,,,,1541,,,,,,,,,1234,,,,,,,,14384,,,,,,,,,,,,2055,,153,,,,,,,,,,,
Bulgaria,330,1130,396,,0,9,33,5,112,1565,5,228,918,1886,4,15,545,4,803,1481,2,27,1,23,18,116,26,137,67,1,,12,16,6,12,14,552,3,,5,,22,1236,,,41,,11,,7,13,108,275,,1008,1186,33,14,229,3,0,46,17,239,8,,3,73,2,56,,,1,147,1781,,11,9,404,5533,16,7166,2,,,4,10,4,4,5,2,356,16,286,43,346,942,244,,555,2830,5,181,229,1515,18,4,114,165,1,169,755,,5,239,2,134,73,2,,3,5,71,1,2,61,,8,90,27,,106,35,,5,2,8,1040,,47,31,1,141,,2742,,262,4,156,,7,2,2,29,82,1648,387,,32,159,2363,4612,24416,2,,,,,5,6,,63,12,2318,1,16,,341,94,,18,214,,5240,13,42,46,1,312,396,8318,151,34,,,1,,110,9284,285,3,7,7039,151,6738,11,2431,,18,770,16,38,635,1,0,52,11,30
Burkina_Faso,,,,,,,,,,,,,,,,,,,,,,4178,,,,,,,,,,,,,,,,,,,,,,,,,,,,,540779,,,,,,,,,,,,,,,,,,,,,,,,,,,,,,32217,,,,,,,,,,,,,,,,,,,,,,,,,,,,,,,,,,,,,,,,,43815,,,,,,,,,,,,,,,,,,,,12757,5170,,,,,,,,,,,,,,,,,,,,,,,,,,,,,,4033,,,,,,,,,,,,,,,,,,,,,,15393,,,,,,,,,,,,,,,,,,,,,,,
Burundi,,,,,,,,,,,,,,,,,,,,605,,,,,,,,,,,,,,,,,,,,,,,,,,,,,,,,,,,,,,167768,,,,,,,,,,,,,,,,,302,,,,,,,,,,,,,,,,,,,,,,,,,,,,,,,1032,,,,,,,,,,,,,,,,,,,,,,,,,,,,,,,,,,,,,,,,,,,,,,,,,,,,,,,,,,64363,,,,,,,,,,,,,,,,,,,,,,,,,,,,,,,,,,,,,,891,,,,28008,,,,,,,,,,,,
Cape_Verde,,,,,,370,,,4,,,,,,,,,,,10,,,,,,,,286,,,,,,,,,,,,,,,23,,,,,,,,7,,85,,,,,,,,,,,,,,,,,,,,,,201,,8,5,,67,42,,,,,,413,5015,,,,,,,,,,,,,407,,1,,,,,,,,,,,,,,,4,,,,7,,,,3,,,,,,,26,,,,,37,,,,,670,,,,,,,,,,,3,,,1159,,,,,,698,,,,,,,,1712,,1478,,15,,,,,,,,,143,,,,,,13,,,,8,,,,,,,,,22,,52,,351,71,,,,,,,,,,
Cambodia,,,,,,,,,,,,116,,,,,,,,,,,,,,,,,,,,,,,,,42,,,,,,1518,116,,,,,,,,,,,,,42,,,,,,,,,,,,,,,,,,275,,,,,38,,,,,,,,,,,,,,95,105,,,,,,15,,125,,,,,,,260,,,,,,,,,,,172,,,,,,,,,,,,,52,,,45,30,,,,,,,,,,,41,,,,,,152,,,,,56,,,30,,,,,,,,,,,,,123,,,,,,,,,47,,,,,,,,30806,,,,,,,,,,,,92,,195,,,,,,36436,,,,,
Cameroon,,,,,,2613,,,,,,,,,,,,,,,,2454,,,,,,,,,,,,,,,182,,265926,34740,,,,,,,,3020,,,,,,,,,,4170,,,,,,,,3433,,,,,,,,,4720,,1079,,,300,,195,,,,,4681,,,,,,,,,,,,,,519,,,,,,,,,,,,,4351,,,,,,,,8388,,,,,,,,,,,,,,,,162,,,,10741,134610,,,,,,,,,,,,,,,,,,,,,,,,,,,,,,3224,,,,,,,,,,,,,,,,,,,,,,,,,,,,,,,,260,,837,,,,,,,,,,,
Canada,51641,15270,64223,,,3100,64,2295,19310,4139,571,20980,15747,3821,1624,2375,58374,14008,11121,18823,1982,2748,1833,4218,4368,35908,844,29135,84,4457,18515,1967,8418,163,23177,18456,,268,1048,1585,,26541,645278,207658,5714,69610,134,2444,,3925,11255,39799,17740,467,3990,20930,775,25492,12433,2221,2762,10535,14873,64223,47785,59,14917,3180,397,32588,,,24513,9466,104922,178,1068,665,2554,144950,22769,62330,,10202,,17169,5158,109,87142,92911,7737,36594,586,664465,14192,153473,68065,28151,,26571,235183,137496,27072,13208,12373,26988,,15141,2956,14386,5843,88200,104,2459,6261,,4949,670,3528,665,23644,2082,7419,,899,80090,,109,1411,1853,606,69227,1242,8164,1028,,14301,87932,218,9819,9809,1023,42169,,10236,,3856,1530,201014,,2598,233,7255,29433,584697,145571,138589,501,2474,122548,17497,89756,78202,6067,2092,6057,288,12865,159,,,19956,7463,33120,3021,11742,104,14316,8164,,27067,44386,5506,10634,131185,8159,10753,1043,6589,18923,52635,1301,14982,,3329,139,64636,17328,26546,496,59,13128,72582,20866,496059,20473,252159,89,6494,6345,,20652,168212,,,2941,3692,10430
Cayman_Islands,,,,,,,,,12,,,187,50,,185,,,183,,12,351,,34,,,,,71,,,,,,,,,1450,,,,15,,,,,419,,,,130,,,756,12,,,,,18,,,66,,,,,,,,,,,,9,38,,,,,136,,,,16,,,,,335,18,1832,,,582,,9,,231,,12,91,10348,20,,,36,,,,,,,,,,,,,,,18,,,,,40,,,,,,,,,,,,38,,57,396,29,9,,,,,,110,,136,,,15,1884,,,48,,,,,,,,9,,31,,,,,,,,,,,,,,38,,29,,,,,,81,,,55,,,,314,,,,,,,,2144,15,2876,,,,,36,,,,,9,18
Central_African_Republic,,,,,,,,,,,,10,21,,,,,,,,,,,,,,,0,,,,,,,,,186,,,10029,,,,,,,,,,,,,,,7,,,17219,2,,,,,38,,,,,,,,,,,9583,,,,,,,,,,,,,,,,,,,,,,,10,,,66,,,,,,,,,,,,,,,,,,,,,301,,,,,,,,,,,,,,,,33,,,,,,,,,,,,,,,,,,,,,,,,,136,,,,,,,,73,,,,,,,,43,,,52,0,,,,19546,,12,145,,,,,9,,,,7,,,,,,,,548,,,,,,,,,,,
Chad,,,,,,,,,,,,,,,,,,,,,,,,,,,,,,,,,,,,30938,,,88259,,,,,,,,,852,,,,,,,,,,306,,,,,,,,,,,,,,,,,1056,,349,,,,,,,,,,,,,,,,,,,,,,,,,,,,,,,,,,,,,,1307,,,,,,,,,,,,,,,,,,,,,,,,,,,3115,2977,,,,,,,,,,,,,,,,,,,,,,,,,,,,,,,,,,,,,,,,,,,,323465,,,,,,,,,,,,,,,,,,,,,,,,,,,,,,,
Channel_Islands,,,,,,,,,,,,,,,,,,,,,,,,,,,,,,,,,,,,,,,,,,,,,,,,,,,,,,,,,,,,,,,,,,,,,,,,,,,1980,,,,,,,,,,,,,,,,,,,,,,,3958,,,,,,,,,,,,,,,,,,,,,,,,,,,,,,,,,,,,,,,,,,,,,,,,,,,,,,,,,,,13856,,,,,,,,,,,,,,,,,,,,,,,,,,,,,,,,,,,,,,,,,,,,,,,,59380,,,,,,,,,,,,,
Chile,45,75,133,,27,166,45,36,56363,30,12,2958,1584,6,3,6,18,12,18,2507,6,3,15,12,53244,33,15,15247,,,275,3,3,3,12,18,5485,3,6,51,,,7889,154,27,73601,3,36,6,1378,27,1133,2051,,36,436,18,36,690,,81,821,22146,236,690,6,6,133,6,15,6,6,27,399,9403,18,15,6,10171,16250,21,578,15,15,12,666,12,6,45,39825,708,978,33,1636,257,242,66,384,,1602,11216,63,2419,251,21,57,,27,12,3,103,609,30,15,66,6,51,45,27,6,75,266,45,,3,5155,3,27,3,,3,257,139,3,18,21,27,1943,12,421,708,30,60,15,1208,21,1015,15,478,6,1527,12,3632,150885,596,1318,748,548,78,3179,27,1066,1755,15,36,181,6,15,,6,33,51,18,,3,178,,154,121,,33,739,,17097,21,2089,12,6,3726,3067,908,6,109,,57,818,30,48,763,6,6,6,475,15,4991,27,15178,3,6786,12,3,54787,30,3,12,,15,33
China,,,,,,,,,,,,5227,,,,,4018,,,,,,,,,,,74289,,,,,,,,,8629,,,,,,,270252,24399,,,,,,,,,,,,,,,,,,,,,,,,,,,,,,,,,,,,,,,,,,,,,,,,,8968,39736,,,,,,,,6826,,,,,,,,,,,,,,,,,,6130,,,,,,,,,,,,,,,,,,,,,,,,,,,,4404,,,,,13483,73070,,,,,186786,,,2963,,,,,,,,,,,,,,,,,,,,,,5435,,,,,,,,15192,,,,,,,,,,,,9108,,26777,,,,,,28095,,,,,
Hong_Kong,,,,,,,,,,,,9091,,,,,444,,,,,,,,,,,,,,,,,,,,14660,,,,,,2307783,,71305,,,,,,,,,,,,,,,,,,,,,,,,,,,,,,2194,,,,,1973,,,,,,,,,,,,,,18004,134593,,,695,,,642,,14185,,,,,,,,,,,,,,,,,,15273,,,,,,,,,,,,,,,,9334,1020,,2247,,,,,,,,,7554,,,,,,117914,,109,,,4832,,,88,,,,,,,,,,,,,9879,,,,,,,,401,782,,,,,726,,,19192,,,,,,,,,,,,17666,,13250,,,,,,10930,,,,,
Macao,,,,,,,,,,,,,,,,,,,,,,,,,,,,,,,,,,,,,,,,,,,280130,20984,,,,,,,,,,,,,,,,,,,,,,,,,,,,,,,,,,,,,,,,,,,,,,,,,,,,,,,,,,,,,,,,,,,,,,,,,,,,,,,,,,,,,,,,,,,,,,,,,,,,,,,,,,,,,,,28124,,1960,,,,,,,,,,,,,,,,,,,,,,,,,,,,,,,,,,,,1519,,,,,,,,,,,,,,,,,,,,,,,,,
Colombia,120,51,26,,48,55,43,41,3343,,321,229,218,,,,,,,454,,,,,855,,,2441,,,88,,,,,,1028,,,,,2114,2128,36,,,,,,1103,,59,1902,95,,41,209,,95,,51,401,14872,146,400,,,22,,,,,,49,2154,,,,,2467,,122,,,,480,,,20,120,368,146,,150,87,123,23,136,,489,2934,62,754,186,,,,26,,,20,1225,,,,,47,23,,,,,,,,2982,,,,,,73,,,,,,368,,53,598,,48,,,,86,,43,,2159,,226,5271,100,266,119,577,,286,,231,703,,,,,,,,,73,,,,,23,,30,,,55,,6928,,,,,190,709,142,,,,,,39,,49,,,,236,42,1293,,19690,,454,,217,48714,,,,,,
Comoros,,,,,,,,,,,,,,,,,,,,,,,,,,,,,,,,,,,,,,,,,,,,,,,,,,,,,,,,,,,,,,,,,,,,,,,,,,,482,,,,,,,,,,,,,,,,,,,,,,,,,,,,,,,76,,,,,,,,,,,,,9651,,,,,,,,,,,,,,,,,,,,,,,,,,,,,,,,,,,,,,,,,,,,,,,,,,,,,,,,,,,,,,,,,,,,,,,,,,,,,,,,,,,,,,,145,,,,,,,,,,,,
Congo,,,,,,41238,,,,,,,,,,,,,,,,15194,,,,,,,,,,,,,,11300,,,32696,10565,,,924,,,,,,,,,,536,,,,,170368,,,,,,,,1582,,,,,,,,,10320,,3163,,,579,,,,,,,,,,,,,,,,,,,,,,,,,,,,,,,,1167,,,,,,,,,,33918,,,3149,,,,,,,,,,,,,,,,,,,,,,,,,,,,,,,,1441,,,,,,2576,25119,,,,,,,,,13265,,,,,,,,,,,,,,,,,,,,,,2437,,,,,,,,,,,,166,,,,,,,,,,,
Cook_Islands,,,,,,,,,,,,309,,,,,,,,,,,,,,,,,,,,,,,,,,,,,,,,,,,,,,,,,,,,,,,,,,,,,,,,,,,,,127,,,103,,,,,,,,,,,,,,,,,,,,,,,,,,,,,,,,,,,,,,,,,,,,,,,,,,,,,,,,,,,,,,15,,2158,,,,14,,,,,,,,15,,,,,,,,,,,,,,,,,8,,,,,,,,,,,,,,,,,,,,,,,,,,,,,,,,,,,,79,,26,,,,,,,,,,,
Costa_Rica,4,4,12,,,3,,,1468,7,32,67,128,3,12,1,3,11,5,292,139,1,11,4,369,,,544,,,71,,,,3,9,1408,8,5,,111,1739,291,3285,1,21270,,8,,,3,24,5756,,3,,36,3,63,,5,1098,1272,11,13900,,,3,1,1,,,1,22,873,,1,,12,1866,1,33,8,8,5,2660,,,28,71,3924,74,1,54,17,100,15,29,,170,2132,217,283,11,5,8,,,,4,1,88,,,11,4,9,15,3,,4,,,,,3100,,1,15,,4,4,4,12,,,8,586,,17,292232,,3,,26,,76,3,9,,11424,,83,3783,139,302,78,356,3,253,4,99,599,1,1,1,1,1,,,,13,1,,,8,,22,,,1,57,,2163,1,,1,20,137,672,11,,7,,,,34,4,8,,,9,155,,519,4,12673,7,313,1,,1381,1,,,,,1
Côte_d'Ivoire,,,,,,,,,,,,,,,,,,,,,,67911,,,,,,,,,,1324366,,360,,,,,,,,,,,,,,,,,,,,,,,,,,,,,,,,,,,,,,,,,,,,7157,,,107490,,,,,,161189,406,,,,,,,,,,,,,,,,,,,,,,,,,,27072,6412,,,,,,,505532,,,12258,,,,,,,,,,,,,,,,,65609,43365,,,,,,,,,,,,,,,,,,,,,,,,,,,,,,29222,,821,,,,,,,,,,,,,,,,,,,,39940,,,,,,,,,,,,,,,,,,,,,,,
Croatia,,173,56,,,,,,200,,,1595,5148,,,,,,94,375,,,,,32,404874,,193,,,305,,,,,,1004,,,,,126,446,,,45,,,,,,,,,,949,,,102,,,,,247,,,,20,,,,,,39,1760,,,,,33774,,147,,,,,,,,,,1044,,67,27,48,82,53,,55,3140,,56,68,67,,,,,,27,65,,,150,,26,31,,,,,,,,39,,,,6181,,29,,,,,,809,,116,,,29,,10055,,113,,,,,,,86,75,737,50,,,27,114,499,1311,,,,,,,,,,,51185,,,,644,19587,,,203,,188,,43,66,,628,3009,180,,,,,,,,86,,,,758,,670,,1616,,,,,55,,,,,46,
Cuba,,36,15,,,32,,,56,,,,,,,,,,,,,,,,19,,,,,,44,,,,,,20,,,,,60,100,,,53,,,,,,,,,,61,,,,,,40,20,,,,,,,,,,,,49,,,,,115,,,29,27,,22,,,,316,,23,,,,,,,,,75,100,,,,,,,,,,18,,,,,,,,,,,,,,136,,,,,,,,,,,,,,,91,,,,,,,,,,28,,,28,,32,,40,,,,22,689,,,,,,,,,,,,,,,,,,,,,1645,,,,,,,,,,,,,,,,,,,209,,16,,181,,,,,65,,,,,,
Curaçao,,,,,,,42,54,21,,1708,,,,81,,,191,,91,,,,,,,,,99,,,,,,,,90,,,,,,489,111,,4797,,,,,,,233,,,,,,,,107,5715,,,,,,,,,,,,,,,,,,124,,,,2,,,,,458,1968,,,,637,182,,,,,,23,1300,130,,,,,,,,,252,,,,,,,,,,,,,,13,,,,,,,,,,,,9504,,,,,,,,,,,,,,,,105,,,919,15,,,,,,,181,,,291,,,,,,,,,499,,,,,,,20,,,,1871,,,,,,,,,96,,,,,,,,24,,330,28,,,,1787,,,,,,
Cyprus,8,290,37,0,,,,,87,1229,,3119,370,37,0,112,681,,355,272,0,8,0,,10,70,8,60,,3,6445,,3,,0,59,1575,,15,,,49,1675,,,131,,,,3,,87,37,,,706,34,715,175,3,0,10,8,5429,10,,3,29,,84,,,3,516,958,,,,16005,2719,87,24826,,,,0,0,,,3,3,361,34,2878,180,1259,1342,812,,400,504,15,87,462,247,87,,243,24,3,171,2882,,,238,,97,10,8,8,47,,34,,,65,,,,,,65,10,47,3,,59,504,,97,10,8,318,,20,,208,65,543,,20,,8,34,7544,740,65,3,10,8,984,5661,13617,0,,,,0,,,,243,8,2651,3,34,,143,15,,10,5199,,163,10340,2394,543,3,955,394,7552,8,272,,,,15,37,639,10,,20,3430,158,37704,151,3329,,3,76,,65,65,,,15,143,318
Czechia,418,309,686,,0,168,,4,199,1865,,551,2618,1142,,14,183,9,4097,613,0,43,4,2,78,2504,97,462,,,9276,17,5,11,40,99,766,,0,6,,122,4807,13,,250,1,62,,54,87,1632,431,,106,,13,88,308,3,2,58,93,728,26,0,9,175,1,105,,,5,298,2791,,3,16,1070,15567,197,724,,1,,35,78,21,5,7,21,1202,30,1707,179,502,519,584,,510,3364,22,1519,169,6563,93,1,103,810,25,450,345,2,10,188,1,610,22,24,5,356,27,22,0,7,432,,6,4607,91,,303,12,130,24,1,182,2593,,180,13,4,604,,1925,,168,,533,0,44,4,27,234,509,18796,310,,4,1428,6849,5446,32735,8,4,4,,1,1,1,2,208,59,1534,16,53,,89301,337,0,28,338,,962,135,100,58,7,464,518,922,255,864,1,14,4,6,776,1617,162,,35,100664,67,4851,20,5209,,31,2166,4,122,45525,,9,274,3161,1054
Dem._Rep._Korea,,,,,,,,,,,,202,,,,,152,,,,,,,,,,,2780,,,,,,,,,331,,,,,,28594,164,,,,,,,,,,,,,,,,,,,,,,,,,,,,,,,,,,,,,,,,,,,,,,,,,,363,1414,,,,,,,,210,,,,,,,,,,,,,,,,,,196,,,,,,,,,,,,,,,,,,,,,,,,,,,,170,,,,,522,2925,,,,,5358,,,145,,,,,,,,,,,,,,,,,,,,,,153,,,,,,,,563,,,,,,,,,,,,304,,1028,,,,,,751,,,,,
Democratic_Republic_of_the_Congo,,,,,,185205,,,,,,,,,,,,,,,,,,,,,,,,,,,39062,,,,,,257929,,,,,,,,,6545,,,,,,,,,,,,,,,,,,,,,,,,,,,,,,,,,,,,,,,,,,,,,,,,,,,,,,,,,,,,,,,,,,,,,,,,,,,,,,,,,,,,,,,,,,,,,,,,,,,,,,,,,,,,,,,,,,,,280052,,,,,,,,,,,,,,,,,,,8749,,,,5621,,,,,,,,,,,,,,,6224,,,,,,,,,,,,,,,,
Denmark,12760,334,993,,1,165,,3,1273,712,6,3141,1990,321,18,95,1130,35,740,2135,7,49,0,639,481,19499,69,3470,,7,5839,105,576,29,247,741,3958,,10,16,,1677,12137,548,0,3403,13,786,0,181,465,851,503,,191,1202,402,1031,,21,15,170,620,1775,88,,341,1562,50,2223,,12826,22,3977,7406,0,6,676,230,38443,1973,2242,17107,10,,250,119,63,106,164,135,4131,8772,9998,1201,14689,23515,1708,,1778,6629,181,2000,1265,219,1668,1,1467,50,65,4623,13593,50,181,256,21,9274,523,62,92,891,54,105,0,28,1204,,17,63,164,,5861,217,1869,66,,2132,7437,,869,199,16,1465,,3111,,21153,29,13576,,86,9,74,1151,11325,33748,1623,0,93,9550,443,14570,5999,410,,9,,6,19,2,0,276,162,1823,367,808,,1402,351,2,11116,1951,,6133,8594,0,742,31,23531,2798,4498,28,12889,,154,17,173,963,35781,16,,1543,7150,387,19312,1109,12871,,249,291,3,734,10935,,,173,632,443
Djibouti,,,,,,,,,,,,,,,,,,,,,,,,,,,,,,,,,,,,,,,,,,,,,,,,,,,,,,,,,,,,,,,,,,,,,,12323,,,,,,,,,,,,,,,,,,,,,,,,,,,,,,,,,,,,,,,,,,,,,,,,,,,,,,,,,,,,,,,,,,,,,,,,,,,,,,,,,,,,,,,,,,,,,,,,,,,,,,,,,,,,,,,93042,,,,,,,,,,,,,,,,,,,,,,,,,,,,,,,,,,,265,,
Dominica,,,,,,,19,442,,,47,7,,,12,,,167,,,,,,,,,,,85,,,,,,,,184,,,,,,38,,,,,,,,,,12,,,,,,,,,,,,,,,,,,,,,,80,,,,,30,,,,,,,,,190,2453,,,,28,,,,,,,,129,,,,,,,,,,34,,,,,,,,,,,,,,,,,,,162,,,,,,,10,,,,,50,,,,,,,,,,,,,,,16,,,,,,,63,281,,125,,,,,,,,,,,,,,,,,,,,19,,,16,,,,,,306,,,,,,,,633,,623,,,,,30,,,,,,
Dominican_Republic,,,,,,,33,179,1071,,160,40,207,,39,21,,,,256,,,15,8,170,5,,644,74,,73,,3,3,121,23,1215,,135,3,,633,3776,,,2838,,,8,307,,,3259,,,29,,,25,,14,,581,,267,,,,,,,,,27,3731,,,,,1857,,63,,,,428,,,23,475084,424,21,,94,,30,27,32,,61,4192,132,345,,10,,,,,,,149,,,,,,,,,17,,25,,,1497,,,,,,33,,,,,,593,,,292,,25,,26,,54,,79,,756,,25,1428,50,44,106,4578,,564,11,43,482,,137,,64,,,,,17,,72,,,,,,,,10,,6967,,18,,27,73,1044,25,,,,,,23,,30,,34,,75,,482,,14010,82,182,,,3561,,11,,,,
Ecuador,112,71,48,,,42,,,5399,37,,373,546,,48,,,,,855,,,,,1528,,,2654,,,194,,,,,45,2341,,,,,11341,2928,97,,194721,,,,938,,81,2994,,,315,485,,183,,,353,,84,522,,,,,,52,,,126,2264,,,33,,4405,37,71,,,,430,,,,96,469,216,,228,64,192,36,199,,520,3845,37,734,71,,,,,,,,443,,,,,,,,,34,,,,,2258,,,,,,48,,,,,,829,,112,392,,25,,1,,235,,29,,964,,242,13705,125,312,366,500,,810,,302,1495,,,,,,,,,88,,,,,,49,,,,122,,7473,,97,,,349,1962,64,,,,,,45,,,,,,401,,2158,,26802,,958,,,8901,48,,,,,
Egypt,146,83,616,,,20,,11,174,111,,327,421,22,10,280,177,,194,391,,25,,,,43,,91,,48,48,45,25,,,88,441,,40,232,,19,535,,,40,633,51,,,556,71,,,60,140,71,91,210,258,,,8,,148,,3168,18,,3457,,,,173,1990,,,20,,5381,163,889,,,,6,100,64,,,,93,,866,2007,105,13877,66,,493,2913,,803,3654,148,96,,2084,43,,,2214,,33,3495,,,,28,20,1965,150,,,108,45,,57,10,,,739,11,8,186,,,691,,64,,81,564,,83,,84,378,430,,,,,,763,264,31,,278,208,43,169,5218,31,,,,,,,,5704,295,,43,100,,43,,,14195,155,6238,289,155,94070,41589,,246,950,90599,90,749,,,,,544,623,33,,60,119,498,2190,101,4207,,,78,,23,,,,3969,18,23
El_Salvador,,,,,,,,,216,,,27,11,,,,6,40,,52,339,,,,53,,,242,,,,,,,,,245,,,,,229,259,8,,577,,,,876,,,128,,,,,,,,,72,123,,,,,,,,,,,,214,,,,,227,,,,,,8885,,,,,11676,,,11,,18,,11,,43,282,10,54,,,,,,,,,,,,,,,,,,,,,,,1714,,,,,,,,,,,,33,,,7823,,,,,,,,,,451,,11,234,19,,13,62,,128,,,18,,,,,,,,,,,,,,,,,,,,,534,,46,,,35,59,,,,,,,,,,,,,,,90,,5397,,75,,,242,,,,,,
Equatorial_Guinea,,,,,,,,,,,,,,,,,,,,,,,,,,,,,,,,,,,,798,,,,,,,,,,,,,,,,,,,,,,,,,,,,,,,,,,,,,,,4561,,256,,,,,,,,,,,,,,,,,,,,,,,,,,,,,,,,,,,,,,,,,,,,,,,,,,,,,,,,,,,,,,,,,,359,,,,,,,,,,,,,,,,,,,,,,,,,,,,1493,,,,,,,,,,,,,1279,,,,,,,,,,,,,,,,,,,,,,,,,,,,,,,,,,
Eritrea,,,,,,346,,,,,,,,,,,,,,,,,,,,,,,,,,,1046,,,,,,,,,,135,,,,192,,,,,,,,,,,1688,,,,,,,,,,,,108,,,,,436,,,,,,,,,,,,,,,,,,,119,,,,,,,,,,,,351,,,,,,,,,,,,,,772,,,,,,,,,,,,,1107,,,,,,,,,,,,,,,,,,,,,,,,,,,,,,,467,,,,,,,,,,,,,,,,,2457,122,1490,,,,208,,,,,,,,,,,,,,,1524,,,56,526,,,,,,,,,,,241,324
Estonia,26,20,24,,,5,,2,27,687,,98,118,1484,,2,35,1,11119,150,0,,,,2,5,0,93,,,268,,,,9,16,122,,0,,,13,348,0,,27,,4,,3,5,28,16,,20,190,4,3,168,,,3,11,68,1,,,,,7,,1,,3870,536,,,,1642,1823,12,77,,,,10,,,2,,2,201,22,318,12,75,12,87,0,65,626,2,85,10,3752,7,1,9,537,,4703,18,,,5,1,2028,11,1,,8,,,,2,65,,0,50,,,25,2,,1,,41,201,,16,2,,118,,9,,203,,72,,,2,,20,56,790,138,,1,69,905,369,129187,1,1,,,,,,,5,2,22,,9,,121,31,,2,31,,393,21,7,12,2,539,58,10,362,44,,,1,3,15,205,345,,6,21770,7,654,4,642,,5,1091,,11,32,,,5,2,4
Eswatini,,,,,,131,,,,,,55,,,,,,,,,,,,,,,41,,,,,,402,,,,19,,,,,,,,,,,72,,,,,,,,,,570,,,,,,,,,,,,30,,,,,,,,,,,,,,,,,,,,,,,,,,,,,,,,,,,,,,,,,,,221,46,,,,,,,,,,,,,,,,,,,9857,,,,,,,25,,,,,,,,,,,,,,,,,,,,,,,,342,,,,,,,,,,,,,,,,,181,12511,,,,,,,,,,,,,,,,,,,,55,,,,,256,,,,,,,,,,,
Ethiopia,,,,,,,,,,,,,,,,,,,,,,,,,,,,,,,,,180,,,,,,,,,,,,,,,,,,,,,,,,,1582,,3705,,,,,,,206030,,,,,,,,,,,,,,,,,,,,,,,,,,,,,,,,,,,,,,,,,,,,,,,,,,,,,,,,,,,,,,,,,,,,,,,,,,,,,,,,,,,,,,,,,,,,,,,,,150,,,,,,,,,,,,,,,,,442910,,395202,,,,39539,,,,,,,,,,,,,,,218,,,,,,,,,,,,,,145,,
Falkland_Islands,,,,,,,,,26,,,42,,,,,,,,,,,,,,,,,,,,,,,,,,,,,,198,,,,,,,,,,,,,,,,,,,,,,,,,,,,,,,,,,,,,,,,,,,,,,,,,,,,,,,,,,,,,,,,,,,,,,,,,,,,,,,,,,,,,,,,,,,,,,,,,,26,,,,,,,,,,,,,,,,,,,,,,,,,,,,,,,,,,,,,,,,,,,,,,,,,,,,,,,,,,,,,,,,,872,,19,,,,,,,,,,,
Faeroe_Islands,,,,,,,,,,,,,,,,,,,,,,,,,,,,11,,,13,,,,,,13,,,,,,30,,,30,,,,,,22,,,,,,,3547,,,,,,,,,,,36,,,,,,,,,,22,18,,150,,,,,,,,,,242,63,10,,,,,,,,,,,15,,,,,,,,,,,13,,,,,,,,,,,,,,,,,,,,,,,,,,,,,,178,,,,,,,15,130,72,,,,53,,62,30,,,,,,,,,,,51,,,,,,,,20,,,,,,,76,,,,112,,,,,11,,,,,,,100,,41,,,,,,,,,,,
Fiji,,,,,,,,,,,,1887,,,,,1366,,,,,,,,,,,,,,,,,,,,,,,,,,925,,,,,,33,,,,,,,,,,,,,,,,,,,,,,,,,,,,,,,,,,,,,,,,,,,,,1292,,,,,,,,,,,,,775,,,,,,,,,,,,,,,,,,,,,,,,,,,,,,,,,606,,,,,,,,,1824,,,,,,,,,,,,,,,,,,,,296,,,,,,,,,,,703,,,,,,,,,,,,,,,,1332,,,,,,,,,341,,,,,,184,,,,,,,
Finland,5017,433,1009,,1,532,,,476,114,,1337,732,152,9,24,2436,12,405,732,1,22,4,3,177,842,18,1578,,2,2407,18,65,13,330,980,1914,,3,8,,527,11725,,,1272,3,146,,78,156,274,574,,202,263,4,1893,1193,8,6,202,232,1367,77,17,165,53016,,2385,,,11,,2932,,12,836,85,8045,1724,1434,,,,90,109,8,23,12,75,2672,196,6669,601,7225,12431,714,,923,2993,95,1556,345,316,1599,,155,54,53,2044,672,0,131,247,0,1250,118,17,64,530,17,49,,27,928,,8,65,4,,2523,83,1444,115,,2970,1784,,254,126,26,2704,,,,2077,12,2752,,28,12,29,607,3995,5148,672,,19,689,202,3203,14922,563,1,4,,2,3,,,406,216,191,160,249,,232,64,6,12497,1040,,3318,1173,62,1127,1,39644,1262,1714,53,11485,,95,2,44,807,7863,26,,236,1990,176,6887,656,5722,,126,164,1,259,7438,,,80,237,113
France,6507,6964,1488349,1,1020,22143,10,63,13466,19851,11,8684,10904,4276,46,166,7723,79,3536,153018,9,21235,118,149,3273,14499,41,59715,,50,26431,9092,1941,23189,65893,84550,26773,,17391,7716,,14981,114475,535,17,28326,38108,72271,3,782,93558,9253,4972,,1003,8989,63,79812,5786,6835,6701,3631,4302,32182,1158,404,3128,1201,21,9024,,3,162,3814,,,20576,1982,7888,208540,6965,13210,13,,,3114,31424,3188,4910,77330,609,11458,398,49996,5145,23705,6366,9737,13,9567,324282,537,22236,1500,2686,1818,9,762,749,44338,3498,49060,50,816,2445,28,3462,16092,125247,110,2639,78597,517,,18482,13086,3,25951,1483,1459,6,963774,1341,490,178,,1377,40459,,2036,672,5723,5998,,4668,,4233,112,24736,,530,27,1073,12152,15836,100587,649528,53,153,21535,6823,117373,66569,6442,3,4940,,29,18,228,232,2588,122616,88111,1352,2374,,5437,2570,3,3281,5388,,286484,49790,1032,8008,25364,9454,99102,17432,253,18881,12,24718,99,427,404246,309406,218,8,603,16519,815,166907,669,56076,1,2533,1146,769,6592,130894,,1091,506,358,729
French_Polynesia,,,681,,,,,,,,,70,,,,,,,,,,,,,,,,,,,,,,,,,128,,,,,,615,,,,,,,,,,,,,,,,,,,,,,,,,,,,,,30,,20918,,,,,360,,,,,,,,,,,,,,38,17,,,,,,148,,23,,,,,,,,,,,,,,,,,,,,,,,,,,,,,,,,,,,,2123,111,,,,,,,,,,,,,,,,,,,,,,,,,,,,,,,,,,,,,,,,,,,,80,,,,,,120,,,,,,,,,,,,,,,84,,419,,,,210,,,33,,,,
Gabon,,,100,,,1011,,,,,,,,,,,,,,457,,47682,,,,,,,,,,6386,153,,,46269,266,,,4132,,,316,,,,,14905,,,3099,,,,,,146,8135,,,,,,,,79434,,,,,,,,,14678,,,,,80,5811,,,,,,4546,,,,,,,,,,,,,15,,,29,,,,,,,,,2284,,,,,,,,,,50384,,,,,,,,,,653,,,,,,,,,,,21840,,,,,,,,,,,,,,,,,177,,,,191,,,,,,,5944,,27861,,,,,,,,,12,,,,,,,,,26,,,,21023,,,204,,,,,,,,,502,,,,,,,,,,,
Gambia,,,,,,,,,,,,,,,,,,,,,,,,,,,,,,,,,,,,,,,,,,,,,,,,,,,,,,,,,,,,,,,,,,,,,,,,,,,,,,,,,,,,,,,40369,12328,,,,,,,,,,,,,,,,,,,,,,,,,,968,,,,,,,,9251,,,3257,,,,,,,,,,,,,,,,,,,,,,,,,,,,,,,,,,,,,,,,,,,,,,,,118452,,2330,,,,,,,,,,,,,,,,,,,,,,,,,,,,,,,,,,,,,,,,,,,
Georgia,40,10,17,,,,,,15,12358,,,25,5821,,,,,1066,22,,,,,,,,,,,225,,,,,,,,,,,,73,,,,,,,,,,12,,,33,,,,,,,,,,,,119,,,,,,11,39,,,,,610,,159,,,,,,,,,,48,,31,,119,,,,31,17,,,,1662,,,,242,,199,9,,,,,204,,,,,,,,,,,,28,,,,,,,,17,11,,,,,,,,,,,85,,,,,20,,175,,,,,468,214,35936,,,,,,,,,,,,,,,,,,,,,18,,,,,,14,,144,,,,,,,457,197,,,11792,,33,,107,,,740,,,,,,,,
Germany,83992,15209,19617,,,,,,15626,10629,,11710,217137,16168,,,6386,,21522,29459,,1805,,,4520,168458,,53860,,,88792,1302,590,,2271,16772,16602,,,267,,13438,86291,,,18643,,3543,,1594,3402,176585,12246,,1561,458182,2521,7356,21894,,,9349,7153,19683,1122,,12337,9883,,17541,,,,13732,122911,,440,3725,19290,,25409,181290,,,,1764,3566,,,1333,1214,145629,1519,57568,16555,115936,96977,9587,,12560,349395,1923,27886,10674,848587,12673,,,70534,3030,25889,67045,,1660,3768,258,42010,17652,1342,,5175,1222,633,,,15399,,,,16238,,96565,,1918,,,3307,117420,,2732,1281,795,22442,,68560,,7450,,42295,,618,,4289,15652,47417,1592694,83003,,,24582,19553,497518,893657,1040,,,,,,,,3157,3513,89923,2744,2405,,36126,33498,,6203,15483,,84770,39380,,,,16851,71058,44761,24433,64068,,12013,,773,34842,1370193,5583,,2185,220141,,87123,1136,115973,,2875,35633,,7671,95221,,,2438,848,
Ghana,,,13,,,,,,,,,33,,,,,,,,,,17183,,,,,,13,,,,58704,,,,116,283,,,15,,,232,,,,,,,,64621,,,,,,,30,,,,,,39,,,,,,30,,,,,223,,,1645,,,,,,,,,140,,,,,,,871,,,,,,46,236,,56,,,15,,,,,,1006,,30418,,,,,,,,5137,,,13,,,,,,,,,,,,,187,,,,6048,70214,,,,,,67,,,,,,28,47,,,,,,,67,382,,,,,,,,,75,,2386,,,,,,,,,,20,,25,,,148,52,,,,90343,,,,,,,,,,1390,8,625,,,,,,,,,,,
Greece,5810,436566,1099,0,3,8,10,29,639,14257,0,20182,2247,504,21,22,9791,10,1453,5112,4,7,7,1,22,439,7,2211,0,,72744,24,132,13,20,460,12584,0,392,17,1,366,3388,0,,397,73,1410,0,37,80,427,351,,21562,4420,33,208,899,38,17,564,83,28209,49,0,395,128,20,2414,,0,0,768,6680,9,7,27,83218,114110,595,,2,1,0,30,54,2,10,37,49,1724,53,10130,442,1900,4745,588,4,710,6289,11,507,810,26926,452,,138,546,40,351,2047,0,30,639,9,543,137,129,,61,29,89,0,45,395,,44,7,,77,2070,63,24,7,,49,3737,,489,159,24,2851,,2164,0,515,4,31230,186,155,3,78,290,8452,15630,323,0,1100,210,10027,46098,54081,96,1,,0,6,447,0,6,424,638,4372,174,81,,860,129,0,739,6894,,1177,886,998,1850,8,5408,3689,9549,96,376,215,11,,16,634,33420,115,,138,19416,85,17643,394,22792,0,111,8277,70,1023,209,0,3,32,237,418
Greenland,,,,,,,,,,,,,,,,,,,,,,,,,,,,,,,17,,,,,,14,,,,,,10,,,,,,,,,,,,,,,,4460,,,,,,,,,,,,,269,,12,13,,,,,55,,,,,,,,,,,,,157,,,,,,,,,,,,,,,,,,,,,,,,,,,,,,,,,,,,,,,,,,,,,,,,,,,,,,65,,,,,,,,125,29,,,,,,14,,,,,,,,,,,,,,,,,,,,,,,,,,,83,,,,151,,,,,,,,,,,,14,,37,,,,,,,,,,,
Grenada,,,,,,,,38,,,,,,,30,,,178,,,,,,,,,,,14,,,,,,,,227,,,,,,,,,,,,,,,,,,,,,,,,74,,,,,,,,,,,,,,,,,,,,,,,,,,,,341,,,,,,,,,,,,,115,,,,,,,,,,,,,,,,,,,,,,,,,,,,,10,,,,,,,,,,,,,,,,,,,,,,,,,,,,,,,,,,15,163,,377,,,,,,,,,,,,,,,,,,,,,,,,,,,,,2196,,,,,,,,,,,704,,,,341,,,,,,
Guam,,,,,,,,,,,,,,,,,,,,,,,,,,,,,,,,,,,,,,,,,,,2152,,,,,,,,,,,,,,,,,,,,,,,,,,,,,,,,,,,,,,,,,,,,,,,,,,,,,,,,,,,,2100,,,,,,,,,,,,,,,,,,,,,234,,,10639,,,,,,,,,,,,,,,,,,,2216,,,,1449,,,,,29289,,,3950,,2711,,,,,,,,,,,,,,,,,,,,,,,,,,,,,,,,,,,,,,,,,,,,,,,18508,,,,,,354,,,,,
Guatemala,,,,,,,,,554,,,70,,,,,,,,,916,,,,136,,,240,,,,,,,,,397,,,,,301,657,,,1156,,,,1162,,,660,,,,,,,,,109,167,32,19198,,,,,,,,,,258,,,,,640,,,398,,,,,,,14,8387,,,,40,18,,,,131,368,,147,,,,,,,,,25,,,,,,,,,,,,,,17540,,,,,,,,,,,,140,,,8561,,,,,,,,26,,300,,59,457,67,,29,101,,1786,,,,,,,,,,,,32,,,,,,,,,,,,1320,,46,,,47,154,78,,,,,,,,25,,,,,,223,,8643,,140,,,283,,,,,,
Guinea,3,11,7044,,6,115,,4452,112,9,,10,1,5,13,3,1,11,,40,2,408,,3,5,2,50,14,,,3,588,39,34,9,196,46,,18,389,,11,169,,,2623,761,122,,118,7968,19,1786,,,,1232,77,66,18,13,2,2,27,4,10695,23,,5,12,,,3,6,248,,74,281,,27,588,,,,,,,4540,,25,298,,,49,,,,,,11,82,,54,2,,1999,3,,,,23,156,32,2765,44,4,,,10,17,1,46991,,6,1154,,3,,,,,333,19,2,3,18,25,38,,2,5,193,381,,,,2,,19,9,,16,0,,3,1,14,,,426,3,5,39,39,,,,30,28,,33,31,2139,2,8683,,,,28,12,6,1251,3,1187,2,,7,,3,17,8,1,51,,533,972,,533,35,,,1,9,,8,2,301,,1,1,,,5,,,,0,4
Guinea-Bissau,,,,,,,,,,,,,,,,,,,,,,,,,,,,,,,,,,552,,,57,,,,,,,,,,,,,,,,,,,,,,,,,,,,,,,,,,,,,,110,,,1495,,,,,,,,,4938,,,,,,,,,,,,,,,,,,,,,,,,,,,898,,,,,,,,,,,559,,,,,,,,,,,,,,,,,,,,,,,,,,,,,,,,823,,,,,,,,,,,,,,,,11087,,812,,,,,,,,,,,,,,,,,,,,,,,,,,,,,,,,311,,,,,,,,,,,
Guyana,,,,,,,,19,,,,,,,15,,,268,,,,,,,,,,2135,,,,,,,,,400,,,,,,1149,,,,,,,,,,,,,,,,,,43,,,,,,,,,,,,,,,,,,,,,,,193,,,,,,,,,,,,,,,,,,295,,,,,,,,,,,,,,,,,,,,,,,,,,,,,,,,,,,,,,,,,,,,,,,,,,,,,,,,,,,,,,,,219,,368,,,,,,,,,,,,,,,,,,,,4595,,,,,,,,,880,,,,,,,,574,,1255,,,,,2099,,,,,,
Haiti,,,,,,,,,437,,,,158,,,,,,,,,,,,,,,,,,,,,,,,591,,,,,312,326,,,780,,,,256,,,1133,,,,,,,,,2272,,,,,,,,,,,,,416,,,,,845,,,,,,,,,,,,,,,,,,,,,1157,,206,,,,,,,,,,,,,,,,,,,,,,,287,,,,,,,,,,,,,,,,,,,,,,,,,,,,330,,,,1459,,,,,,,,,,,,,,,,,,,,,,,,,,1224,,,,,,354,,,,,,,,,,,,,,,,,1516,,268,,,2369,,,,,,
Honduras,,,,,,,,,191,,,,,,,,,,,25,365,,,,147,,,237,,,,,,,,,349,90,,,,309,596,,,868,,,,861,,,612,,,,62,,,,,135,461,,8853,,,,,,,,,,144,,,,,292,,,,,,4607,,,,43,,,,,,,,,,90,260,27,139,40,,,,,,,,,,,,,,,,,,,,,,1567,,,,,,,,,,,,91,,,7767,,,,,,,,,,398,,35,384,,,,129,,68,,,25,,,,,,,,,,,,,,,,,,,,,525,,154,,,31,61,,,,,,,,,,,,,,,102,,6799,,66,,,102,,,,,,
Hungary,1350,243,731,,,83,,,393,184,,968,9297,214,6,14,71,2,212,1981,3,9,1,,49,250,3,1733,,,1383,,,,56,266,2382,,6,1,,141,14829,,,216,,82,,46,37,2054,576,,295,1555,,38,465,,,35,114,1351,15,,30,158,,135,,,,771,4166,,7,11,204,30178,124,1219,,3,,17,40,3,8,,10,,133,1187,225,2135,888,1197,,1664,4735,26,1521,514,516,101,,259,134,49,176,394,3,35,434,4,193,178,34,,99,21,81,,5,449,,5,921,46,,217,21,13,20,,55,3289,,187,21,7,1547,,214,,1238,21,359,,29,4,16,201,301,3227,465,,56,1240,222,203407,3702,19,0,,,3,,,,398,36,39691,33,82,,21085,412,,603,355,,1912,65,74,178,,1604,2648,1642,15,814,,11,,8,291,2218,,,38,41990,281,7928,66,7777,,66,137,,217,3305,,,289,17,35
Iceland,13,45,40,,2,34,,,46,8,1,121,126,13,6,1,4,1,41,120,0,1,3,,14,150,,139,,0,241,1,,33,1,7,277,,,,,77,582,,,189,,,,7,1,169,57,,5,246,,2,3283,0,2,32,32,29,13,9,7,129,,71,,331,1,178,538,,,11,22,1649,62,45,65,,,37,18,,20,12,35,218,,305,129,63,57,105,,37,260,18,98,13,21,90,,2,1,,735,30,,1,4,,1499,142,2,4,35,2,8,,,92,,1,20,,,166,23,1,35,0,98,288,,50,7,0,72,,40,,1036,,38,,6,1,4,75,1565,10967,576,0,2,37,21,400,364,2,,,,,,,,8,21,307,15,17,,243,32,1,2,81,,540,164,,,0,1920,158,35,2,1196,,5,1,3,28,73,1,,37,274,6,1307,28,2019,,9,10,,39,613,,,0,8,11
India,12924,,,,,,,,,,,662,,,,,3155579,,,,,,,6642,,,,,,25370,,,,,,,1640,,,,,,110098,,,,,,,,,,,,,,,,,,,,,,,,,,,,,,171,,1140,,,,,2145,,,,,,,,,,,,,,,818,1704,498,,,,,,715,,2202,2378,,6075,,,,,,,,,,,,,12433,,,,,,,,,,,,,50552,,,542573,,,,,,645,,,,,,1101031,,,,,,,,156,,,,,,1346,,,,,,,,,4473,,,,4225,,,,,,,,,155088,,,,,,,,,,,,,,105,,,711,,11977,4862,,2719,,,,,,565,,,,679,
Indonesia,,,,,,,,,,,,10844,,,,,,,,,,,,,,,,,,,,,,,,,2144,,,,,,72302,,,,,,,,,,,,,,,,,,,,,,,,,,,,,,,,,,,,,,,,,,,,,,,,,,,11976,,,,,,,,,18909,11976,,,,,,,,,,,2263,,,,,,2263,,,,,,,,,,,,,,,,,6950,,,,,,,,,,,8223,,,,,,4025,,,,,31940,,,,,,,,,,,,2263,,,,22525,,,,,,,,,,,,,,,2263,,22525,22525,,,,,,,,,,,31304,,12077,,,,,,,,,,,
Iran,2348369,,,,,,,,,2479,,,,12007,,,,,,,,,,,,,,,,,,,,,,,,,,,,,,,,,,,,,,,,,,,,,,,,,,,,,,,,,,,,,,,,,,,,,,,,,,,,,,,,,,,85523,,,,,,,,,,,,,,,,,,,,,,,,,,,,,,,,,,,,,,,,,,,,,,,,,,,,28402,,,,,,,,,,,,,,,,,,,,,,,,,,,,,,,,,,,,,,,,,,,,,,,,,,2447,4901,,,,,,,,,,,,,,,,,,
Iraq,312,,,,,,,,,,,,,,,,,,,,,,,,,,,,,,,,,,,,,,,,,,,,,,,,,,,,,,,,,,,,,,,14364,,,806,,,,,,,,,,,,,,,,,,,,,,,,,,,232,,14406,,,,,,,,10336,,,,400,,,,1522,,,,,,,,,,,,,200,,,,,,,586,,,,,,,,,,,,,,,,,682,,,,,,,,,,,,,,273,,,,,,,,,674,,,,,,,,,414,,295,,,12051,3792,,,,252056,,,,,,,312,17515,,,,,288,,,,,,,,,,,,2001,,
Ireland,148,297,588,,2,480,1,2,327,53,7,6601,784,50,27,82,3232,18,611,1638,2,34,57,7,17,640,80,10292,1,16,1974,9,48,4,11,346,5323,25,8,10,,142,12683,1887,,,0,2519,,11,133,506,83,,288,6081,131,52,980,1,1,10,39,532,27,0,38,2744,21,154,4,3,14,966,11147,1,4,57,255,14368,504,636,1,14,,125,50,1,29,4,12,8206,38,19764,128,445,453,,,220,7910,120,529,111,259,482,0,201,32,34,22126,133,39,107,439,2,38572,156,12,76,4186,29,372,0,8,305,0,7,318,0,1,274,39,64,38,,136,4980,7,2271,16,129,21894,,655,,305,49,9219,,16,13,27,127,15312,127507,2486,,35,193,3787,19919,6570,80,2,7,0,2,13,0,,429,22,0,196,216,,11838,210,2,531,8983,,7751,238,67,588,12,1868,553,507,21,535,3,114,1,111,100,489,4,1,149,4564,201,267364,125,30690,,55,92,1,128,635,,1,31,340,3098
Isle_of_Man,,,,,,,,,,,,188,,,,,,,,,,,,,,,,,,,,,,,,,157,,,,170,,,,,,,,,,,,,,,,,,,,,,,,,,,,,,,,,,,,,,,,,,,,,,,,,,,,,,,,,1540,,,,,,,,,,,,,,,,,,,,,,,,,,,,,,,,,,,,,,,,,,85,,,,,,,,,,,,,,,,,,,,,,,,,,,,,,,,,,,,,,,,,,807,,,,,,,,,,,,,,,,,,,,,,,33553,,227,,,,,,,,,,,
Israel,2539,,45680,,,,,,39343,,,3266,5064,13529,,,,,23119,5993,,,,,,,,8932,,,16633,,,,,,8132,,,,,3386,600,,,2762,,,,,,,,,,,,,1916,,,,,21100,,,,,,80474,,,,308,41847,,,,9317,23656,,3085,,,,,,,,,,12495,,18965,,52322,67791,,,,5225,,,,13632,,,,2519,,3931,6232,,,17273,,3869,,,,,,,,,2601,,,,,,163113,,,,,,5110,,,,,,,,,,,,,,,,2440,,59286,,,,,10911,103678,114630,,,,,,,,,,,,,,,,,,,11721,,1890,,,,,688,3853,9483,1885,,,,,,23543,27960,2301,,,135112,,21869,,79082,,6378,22316,,373,,,,30869,,
Italy,7505,446571,21990,,106,1819,,796,70140,1359,,19386,15788,700,260,294,105481,143,31468,45458,56,2538,,39,15664,11359,46,99965,,33,57232,11714,1009,6076,1319,11327,24648,,223,527,,12138,200372,,,38859,29,3307,,1478,25176,23566,33739,,604,10404,110,6010,3043,85,296,42011,84513,108907,13070,119,13580,1408,30,29545,,,38,2685,127941,,372,3322,13386,214330,46258,17023,,15,,2121,4074,865,73,714,2484,12672,183,139115,3161,14925,3913,3526,,3703,,345,8127,2912,4043,3663,5,538,1423,250,3226,6946,24,1808,35087,113,5661,4717,2342,168,610,5975,1859,,697,8565,,1299,292,2342,,424080,1433,452,85,6,1885,12795,,862,1194,971,58477,,72699,,1652,53,89474,5,1124,617,2651,113226,143234,114950,6224,,458,3803,171345,1016008,79300,774,4,20,,19,55,3254,71,971,88019,43435,1372,553,,10643,4576,3,12018,5692,,31013,85313,5027,2861,41,6288,194030,6128,202,9864,99,5104,18,161,101717,19572,225,,953,222938,374,61905,1596,51058,,7196,2518,21,48320,5295,,,267,874,881
Jamaica,,,,,,,,153,,,,,,,662,,,533,,,7,,,,,,,,,,,,,,,,1313,,,,,,,,,,,,,99,,,1791,,,,,,,,137,,,,132,,,,,,,,,,,,,,,,,,,205,,302,,,,,160,,,1127,,,,,,,,,,,,,,,,,,,,,,,,,,,,,,,,,,,,,,,,,,,,,,,123,,,,,,,,,,74,,,,,,,,,,,,,,96,328,,224,,,,,,,,,,,,,,,,,,,,,,,,,,,,,2299,,,,,,,,4739,,6193,,,,,,,,,,,
Japan,,,,,,,,,2924,,,9843,548,,,,10835,,,685,,,,,,,,173437,,,,,,,3383,,9538,,,,,,714570,,,,,,,,,,,,,,,,574,,,,,1747,,,,,,,,,,678,10672,,,,,6336,2005,,,,,,,,,,,,,26244,35910,4359,,1140,,,3536,,,,,,,,,,,,,,,,,,,,8738,,,,,2141,,,,,,,,,,,,1046,,3152,,,2638,,,,456,,12708,,,,,47721,229595,1653,467,,,457772,,,8092,,,,,,,,,,,,,2444,,,,,,,,2495,13152,,,,1805,1060,,,45379,,,,,,,,,,,,15826,,52271,,,,,,146956,,,,,
Jordan,60,,333,,,,,,,25,,242,113,,,412,11275,,,70,,,,,,58,,102,,24,48,,,,,,316,,,25,,,20150,37,,24,,,,,,25,,,127,23,81,,48,,,,,97716,,,72,,,74,,,,,383,,,,,694,26,59,,,,,,,,,,569,,5733,18344,91,198676,50,,1523,299,,100,,19,,,729,,,,1783,,,18866,,,,,,274,,,,67,,,,,,,580,,23,,,176,193,,61,,,25,,85,,42,617,3157,,,,,,3728,79,,,216,91,35,262,578,,,,,,,,,4884,,56,,,,22,,,738,56,268,295,12110,1969731,5180,,87,193,673705,,100,,,,,251,995,,,,384,203,784,,2539,,,,,30,,,,28645,,
Kazakhstan,,,,,,,,,,9144,,,,48377,,,,,69136,,,,,,,,,,,,,,,,,,,,,,,,2162,,,,,,,,,,,,,,61600,,,,,,,,,,,1113,,,,,,,,,,,3275,,,,,,,,,,,,,,,,,,,,,,,,,,,,,,6734,,1113,,,,,,4386,,,,,,,,,,,,,,,,,,,,,,,,,,,,,,,,,,,,,,,,,,,31916,12048,,2352598,,,,,,,,,,,,,,,,,,,,,,,,,,,,,15816,,,,,,,46894,1050,,,338022,,,,,,,281713,,,,,,,,
Kenya,,,,,,,,,,,,,,,,,,,,,,,,,,,,,,,,,8312,,,,,,,,,,,,,,,,,,,,,,,,,24738,,,,,,,,,2127,,,36889,,,,,,,,,,,,,,,,,,,,,,,,,,,,,,,,,,,,,,,,,,,,,,,,,,,,,,,,,,,,,,,601,,68,,,,,,,,,,,,,,,,,,,,,,,,,,,,,6330,,,,,,,,,,,,,,,,,488470,112,95765,,,,10266,,,,,,,,,,,,,,,333789,,,,39935,,,,,,,,,,,,
Kiribati,,,,,,,,,,,,82,,,,,,,,,,,,,,,,,,,,,,,,,,,,,,,,,,,,,,,,,,,,,,,,,,,,,,,,,,,,,497,,,,,,,,,,,,,,,,,,,,,,,,,,,,,,,,,,,,,,,,,,,,,,,,,,,,,,,,,,,,,,,1471,,,,54,,,,,,,,,,,,,,,,,,,,,,,,,,,,,,,,,,,,,,,,,,,,,,,,,,,,,,,,,,,,,,,,,8,,40,,,,,,,,,,,
Kuwait,2669,,,,,,,,,,,,,,,1297,350229,,,,,,,,,,,,,,,,,,,,,,,1305,,,,,,,,,,,,,,,,,,,,,,,,387993,,,4725,,,3595,,,,,4810,,,,,,,,,,,,,,,,,,,1061758,99485,,,,,,,,,50399,,,,,,,,11532,,,,,,,,,,,,,,,,,,,,2795,,,,,22678,980,,,,,4441,,,,,,312434,,,,,,181462,,,,623,,,,,,,,,,,,,2077,,,,,,,,,3168,,1726,,36556,14253,45525,,,,21340,,3755,,,,,1784,12297,,,,,24662,9394,,4763,,,,,,,,,65129,,
Kyrgyzstan,,,,,,,,,,2380,,,,4678,,,,,9947,,,,,,,,,,,,,,,,,,,,,,,,271,,,,,,,,,,,,,,1777,,,,,,,,,,,573,,,,,,116,,,,,3270,1820,,,,,,,,,,,,,,,,,,,,,,,,,12940,,,,,,902,,,,,,2649,,,,,,,,,,,,,,,,,,,,,,,,,,,,,,,,,,,,,,,3212,,,,233,2660,482,111753,,,,,,,,,,,,,,,,,,,,,,,,,,,,,2205,,,,,,,1051,1001,,,26771,,,,,,,9183,,,107,,,,,
Lao_PDR,,,,,,,,,,,,205,,,,,,,,,,,,,,,,,,,,,,,3428,,,,,,,,13400,,,,,,,,,,,,,,,,,,,,,,,,,,,,,,,,,,,,,,,,,,,,,,,,,,,,,,,,,,,,,,,,,,,,,,,,,,,,,,,,,,,,,,,,,,,2835,,,,,,,,,,,,,,,,,,,,,,,,,,,,,,,,,,,,,,,,,,,,,,,,,,,,,,,,,,,3293,,,,,,,,,,,,,,,,,,,,18938,,,,,
Latvia,27,9,15,,0,2,0,1,12,693,1,83,90,1922,,1,5,2,48588,111,,2,,,,7,,21,,,157,,1,0,0,1,120,,0,,,5,268,,,6,,0,,2,3,7,46,,44,137,11,,203,,,1,2,37,,,0,3081,,,,,,170,181,,,0,1317,2424,,42,1,,,1,,,,,,193,29,131,3,35,33,731,,78,249,1,16,4,5931,3,,3,809,,,29,,,3,1,16668,7,0,0,7,2,6,,,13,,,109,,,12,1,,,,16,135,,5,0,,13,,,,325,,24,0,0,,3,7,108,832,48,,1,30,1705,68,136409,1,,,,,,,,5,,10,1,4,,22,6,,5,13,0,148,28,2,3,,324,56,22,536,8,,0,,1,2,108,589,,0,34080,12,2218,2,426,,3,2052,,22,7,,,1,,3
Lebanon,,,,,,,,,,,,,,,,111,3047,,,,,,,,,,,,,,,,,,,,,,,,,,2429,,,,,,,,,,,,,,,,,,,,,83361,,,,,,,,,,,104,,,,,188,,,,,,,,,,,,154,,1548,2730,,120739,,,412,,,,482,,,,197,,,,,,,255,,,,,,,,,,,,,,,,,157,,,,,,,,,,,,,,,,167,852,,,,,,1007,,,,,,,,157,,,,,,,,,1319,,,,,,,,,,,72,,3272,515853,589,,,,1230484,,,,,,,,268,,,,104,,212,,686,,,,,,,,,624,,
Lesotho,,,,,,,,,,,,,,,,,,,,,,,,,,,108,,,,,,,,,,,,,,,,121,,,,,,,,,,,,,,,,,,,,,,,,,,36,,,,,,,,,,,,89,,,,,,,,,,,,,228,,,,,,,,,,,,,,,,,,,,,,,,,,36,,,,,,,,,,,,,23,,4,,,,,,,,,,,,,,228,,,,,,,,,,,,,,,,,,,,,,,,,,,,,,,,,2610,,,,,,,,,,,,,,,,,,,,137,,,,85,89,,,,,,,,,,69,69
Liberia,,,,,,,,,,,,,,,,,,,,,,28,,,,,,,,,,253,,,,,56,,,,,,,,,,,,,,38041,,,,,,,,,,,,,,,,,,,,,,,,67,,,816,,213,8113,,,,,,32482,521,,,,,,817,,,,,,,57,,,,,,,,,,,999,,,,,,,,,,1454,,,,,,,,,,,,,,,,68,,,,259,5649,,,,,,,,,,,,,,,,,,,,,,,,,,,,,,392,,14536,,,,,,,,,65,,,,,258,34,,,,,418,,,,,,,,,,263,,517,,,,,,,,,,,
Libya,320,301,3589,,,,,,,255,,748,752,,,968,1250,,761,675,,,,,,329,,255,,,,,,,,,2850,,,860,,,3074,,,,4295,402,,,596,,,,,,,434,770,1425,,,,21004,708,,1983,,,1831,,,,830,5027,,,,,7029,614,2617,,,,,,310,,,,338,,4842,13064,411,68477,,,,6690,,1005,20408,802,335,,10800,,,,11067,,,,,,,,,7921,338,,,357,,,276,,,,4899,,,,,,1770,,,,357,2850,,,,335,1693,2459,,,,,,4410,678,,,1414,715,,596,7246,,,,,,,,,35474,1120,,237,669,,,,,104539,647,1776,726,367,286136,14428,,748,932,27762,678,2850,,,,,3084,2535,237,,,874,2775,7232,264,9885,,,376,,,,,,21380,,
Liechtenstein,,,,,,,,,26,,,,3829,,,,,,,40,,,,,,306,,169,,,14,,,,,,,,,,,,81,,,41,,,,,,118,,,,58,,,16,,,73,,,,,,2,,,,,,8,125,,,,,1787,,46,,,,,,,,,,70,1,27,,,,17,,,860,,,,,,,,,36,,,,,,,,3,,,,,,,,24,,,,4,,,,,,,,75,,,,,,,88,,6,,,,,,,,38,60,424,,,,,29,53,,,,,,,,,,,141,,,,44,109,,,34,,275,,,,,25,12882,,,88,,,,,24,608,,,,38,,67,,129,,,,,,,,,,,
Lithuania,20,,,,,,,,53,579,,41,60,878,,,,,33613,181,,,,,,,,61,,,74,,,,,,29,,,,,,53,,,,,,,,,,,,33,87,,,377,,,,,54,,,,816,,,,,,108,334,,,,656,1628,,55,,,,,,,,,,101,54,,,121,,1465,,18,355,,26,,4477,,,,380,,5630,31,,,,,,,,,,,,,,,,,62,,,,,,,,,166,,,,,15,,,,1418,,91,,,,,,,2167,65,,,,563,211,58511,,,,,,,,,,,,,,,38,,,,,,630,,,,,312,61,,338,,,,,,,64,236,,,12347,35,4306,,554,,25,945,,,35,,,,,
Luxembourg,,300,100,,,,,,39,,,76,967,,,,30,,42,19800,,,,,,2421,,297,,,878,,,1617,,59,236,,,,,57,1054,,,25,,,,,,413,22,,62,906,,97,2535,,115,35,,25,,,,526,,,,,,1302,36180,,,,,14125,,1823,,,,,,,,,,1084,328,193,,231,,1627,,41,20621,,282,,,,,,,,488,35,,,,,599,,,,25,,270,,,27,,,,8543,,244,,,,,30,4463,,22,,,,,346,,175,,,,,,,99,189,3150,94732,,,48,,1739,390,25,,,,,,,,,30,5920,,,,707,483,,,45,,3998,,,,,2059,532,,,173,,,,,134,201,,,,175,,6604,,1095,,,,,25,71,,,,,
Madagascar,,,,,,,,,,,,,,,,,,,,,,,,,,,,,,,,,,,,,,,,,,,1979,,,,10953,,,,,,,,,,,,,,,,,,,,,,,,,,,,8950,,,,,,,,,,,,,,,,,,,1581,,,,,,,,,,,,,,,,,,,,,,,,,,,,,,,,,,,,,,,,,,,,,,,,,,,,,,,,,,,,,,,,,,,,,,,,,,,,,,,,,,,,,,,,,,,,,,,,,,,,,,,,,,,,,,,,,,,,,,,,,,,,
Malawi,,,,,,,,,,,,,,,,,,,,,,,,,,,,,,,,,8250,,,,,,,,,,,,,,,11395,,,,,,,,,,2210,,,,,,,,,,,,,,,,,,,,,,,,,,,,,,,,,,,,2390,,,,,,,,,,,,,,,,,,,,,,,,,,,,,,,,,,,,,,,54183,,,,,,,,,,,,,,,,,,,,,,,,,,,,,,,6576,,,,,,,,,,,,,,,,,54,8174,,,,,,,,,,,,,,,,,,,,,,,1460,9507,,,,,,,,,,,42362,36753
Malaysia,545,,,,,,,,,,,5811,,,,,392295,,,,,,,,,,,,,6657,,,,,15461,,,,,,,,11347,,,,,,,,,,,,,,,,,,,,,,,,,,,,,,,,,,,,,,,,,,,,,,,,,,,139752,1171677,,1244,,,,,,18004,,,,,,,,,,,,,,,,,,,,,,,,,,,,,,,330851,,,552855,,,2343,,,,,,,,,80224,,,,,,111343,,,,,3747,,,,,,,,,,,,,,,,87031,,,,,1510,,,,7260,,,,,,,,14901,,,,,,,,,,,,10782,,,,,,,,95517,,,,,
Mali,480,1284,480,401,1043,1566,,,,,,,,,,,,,,,,1619,,,,,,,508,,,53939,,,,1806,,,950,602,,1552,3494,,,,,10642,,,169062,990,,,,,1792,2262,,,,,,735,,816,,,,,,,,,5448,346,12008,1257,,,5073,,,374,,,36334,360,,,,,,,,,,,,1351,,,641,,1859,,,,,,,,,1137,1097,,,,,,,,,,7215,,,,,,,789,,,,,,,,,,11552,3694,,,,,,,,,,,,,,,,,,,,387,480,,,,,,,,1471,21005,,2141,828,,,,,,561,,,,,615,,,,,,454,,3895,,,,,,669,,,3079,,895,1444,468,508,,,,,,,,588,
Malta,,106,72,,,,,,14,38,,6006,153,,,,11,,9,230,,,,,,227,,133,,,1253,,,,,,2440,,,,,,495,,,,,,,,,101,,,61,112,,,181,,,,,648,,,929,,,475,,,,109,596,,,,55,1363,93,106,,,,,,,,,,199,,364,30,41,114,377,,15,2166,,62,54,,45,,79,,,106,89,,,1745,,61,,,,54,,,,,,,,,,,309,,,,,,589,,59,,51,471,,41,,91,,253,,,,,38,664,344,79,,,,47,940,1315,,,,,,,,,36,,764,,42,,141,29,,1882,241,,209,23,56,186,,645,143,1488,,148,,,,17,446,318,,,,399,35,14361,,1667,,,27,,,,,,,,49
Marshall_Islands,,,,,,,,,,,,,,,,,,,,,,,,,,,,,,,,,,,,,,,,,,,318,,,,,,,,,,,,,,,,,,,,,,,,,,,,,,118,,,,,,,,,,,,,,,,,,,,,,,,,,,,,,,,,,275,,,,,,,,,,,,,,,,,,,,242,,,,,,,,,,,,,,,,,,,,,,,,,,,,541,,,,,,,,,,,,,,,,,,,,,,,,,,,,,,,,,,,,,,,,,,,,,,,,,,,,1430,,,,,,,,,,,
Mauritania,,,1634,,,,,,66,,,,,,,,,,,60,,551,,,,,,159,,,,,,,,392,50,,,51,,,158,,,,,,,,462,,,,,,,90,,,,,,225,,,,,,,,,,,,,84,,,,206,,,,,,3105,1203,,,,,,,,,112,,,,54,,,,,,,31,,,,118,,,138,,,,,,,104491,,,,,,,,,,342,,,,,,,,,,150,,,,,,,,,,,,,,,,,,69,,,60,,,,,,,,,305,17630,,,,,,,,,,,84,,161,,,,,322,,,,144,,,248,,,,,,68,,,108,,,,,,,,28007,,,
Mexico,,,103,,,54,,,15440,101,,460,531,,,,51,,,898,1968,,,,1622,,,6444,,,261,,,,,41,9616,,,,,6212,8980,,,18736,,,,3174,26,55,12532,,,349,1744,82,267,,,2874,3236,206,10582,,,,,,,,,155,9778,,,,,6728,,264,,,,42850,,,,578,14840,391,,1994,162,289,49,286,,1960,5892,133,3808,43,,68,,,,,35,534,,,,,61,,,,57,,,,,,,,,,,247,,,,,,1328,,109,3982,,146,,,,187,,152,,1636,,536,4800,529,692,578,1136,,1890,,421,1688,,,,,,,,,112,33,61,,49,,109,54,,,204,,22880,,29,,,656,1549,202,,124,,,,28,,286,,,,349,,3588,,739362,,3210,,,16736,85,,,,,
Micronesia,,,,23,,,,,,,,,,,,,,,,,,,,,,,,,,,,,,,,,,,,,,,,21,,,,,,,,,,,,,,,,,,,,,,,,,,,,,,,,,,,,,,,,,38,,,,,,,,,,,,,,,,,,48,,,,,,,,,,,,,,,,,,,,,92,,,,,,,,,,,,,,,,,,,,,,75,,,,280,,,,,125,,,,,47,,,,,,,,,21,,,,,,,,,,,,,,,,,,,,,,,,,,,18,,,,,,,,,,,172,,,,,,,,,,,
Monaco,,,,,,,,,,,,,,,,,,,,,,,,,,,,,,,,,,,,,,,,,,,,,,,,,,,,,,,,,,,,,,,,,,,,,,,,,,,7611,,,,,,,,,,,,,,,,,,,,,,,,,,5841,,,,,,,,,,,,,,,,,,,,,,,,,,,,,,,,,,,,,,,,,,,,,,,,,,,,,,,,,,,,,,,,,,,,,,,,,,,,,,,,,,,,,,,,,,,,,,,,,,,,,,,,,,,,,,,,,,,,,
Mongolia,,,,,,,,,,,,233,16,,,,,,,,,,,,,,,,,,16,,,,,,154,,,,,,10595,,,,,,,,,,,,,18,633,,,,,,,,,,,,,,,,,3,81,,,,,183,,,,,,,,,,,,11,,111,,,,8,,,21,,415,,210,,,,,1,,,,,,,,,,,,,,,,,,,,,,,,,,,,,,,,,,,3,,,,21,,,,,,170,13,,,,1853,,,3012,,,,,,,,,,,,,,,3,,,,,,,,,,,,21,,,,,,,,,222,,,,,,99,,799,,1,,,,278,,,,,
Montenegro,,2754,,,,,,,,,,137,257,,,,,,,,,,,,,32042,,,,,78,,,,,,69,,,,,,,,,,,,,,,15486,,,,120,,,97,,,,,,,,,,,,,,,,446,,,,,1876,,56,,,,,,,,,,47,,,,,,,,,209,,,,,,,,,,,,,,,,,100,,,,,,,,,,,,,,,,,,,,155,,,,,,,3317,,,,,,,,,,,98,,,,,,105,925,,,,,,,,,,,9679,,,,56,1617,,,,,,,,,,151,212,,,,,,,,,87,,,,150,,103,,317,,,,,,,,,,,
Montserrat,,,,,,,,115,,,,,,,,,,,,,,,,,,,,,,,,,,,,,36,,,,,,,,,,,,,,,,,,,,,,,,283,24,,,,,,,,,,,,,,,,,,,,,,,,,,,240,,,,,,,,,,,,,,,,,,,,,,,,,,,,,,,,,,,,,,,,,,,,,,,,,,,,,,,,,,,,,,,,,,,,,,,,,,,,118,,,29,,,,,,,,,,,,,,,,,,,,,,,,,,,,,43,,,,,,,,104,,120,,,,,,,,,,,
Morocco,,,13281,,,,,,,,,,,,,,,,,1386,,,,,,,,,,,,,,,,,,,,,,,,,,,,1859,,,,,,,,,,,,,,,,1837,,,,,,,,,,,34844,,,,,1424,,,,,,,973,,,,,,,,,,1694,,,,1874,,,,,,,,,,,1334,,,1162,,,,,,,,,,1574,,,,,,,,,,,,,,,,,,,,,,,,,,,,,,,,,,,,,,,,,,,,,,,,1785,,,,,,,,,,,4051,,,,,,,2024,,,,,,,2549,,,,,,,1199,,1806,,,,,,,,,,,
Mozambique,,,,,,37716,,,,,,,,,,,,,,,,,,,,,,,,,,,1621,6580,,,,,,,,,,,,,,,,,,,,,,,,10094,,,,,,,,,,,,,,,,,,,,,,,,,,,,,,,,,,,,2370,,,,,,,,,,,,23907,,,,,,,7567,,,,,,,60437,,,,,,,,,,,,,,,,,,,,,,,5169,,,,,,1363,,,,,,,,4390,,,,,,,,,,,,,,,,,,,,,,,,,19461,,,,,,,,,,,,,,,,,,,,,,,,7163,,,,,,,,,,,5128,93942
Myanmar,,,,,,,,,,,,,,,,,1024,,,,,,,,,,,,,,,,,,,,,,,,,,33656,,,,,,,,,,,,,,,,,,,,,,,,,,,,,,,,,,,,,,,,,,,,,,,,,,,26205,,,,,,,,,,,,,,,,,,,,,,,,,,,,,,,,,,,,,,,,,,,,,,,,,,,,,,,2975,,,,,,,,,,,,,,,,,,,,,,,,,,,,,,,,,,,,,,,,,,,,,,,,,,,,,,,,,,,,,,,,,,,,,
Namibia,42,,473,,,37350,,459,48,61,,524,596,,48,47,31,,,180,,152,,,,,644,522,,,29,69,380,,,115,184,,,,,31,3039,,,,,1093,,,29,,665,,,74,98,3472,110,,,,,170,,,,,191,206,,,,77,524,,,84,,8870,139,,,,,,51,,,,,,,659,88,29,,58,,105,806,,110,,,1086,,,,,,45,123,,34,,,42,,361,,,,,,,,,,,,,134,,,,,505,,48,,,961,,,,51,,162,,,,,,240,164,423,,,34,,29,444,350,,,,,,,,,29,,159,,,,,,91,8300,,336,,,194,,98,418,,,72,,,,,,34,,,470,251,,1681,1074,1027,,,,,,,,,,2959,14141
Nauru,,,,,,,,,,,,38,,,,,,,,,,,,,,,,,,,,,,,,,,,,,,,198,,,,,,,,,,,,,,,,,,,,,,,,,,,,,,91,,,,,,,,,,,,,,,,,,,,,,,372,,,,,,,,,,,209,,,,,,,,,,,,,,,,,,,,,,,,,,,,,,,,,3,,,,,,,,,,,,,,,57,,,,,,,,,,,,,,,,,,,,,,,,,64,,,,,39,,,,,,,,,,,,,,,,,,,,,,,,,,,,,,,,,
Nepal,,,,,,,,,,,,,,,,,233,,,,,,,28740,,,,,,,,,,,,,,,,,,,20302,,,,,,,,,,,,,,,,,,,,,,,,,,,,,,,,,,,,,,,,,,,,,,,,,,,446113,,,,,,,,,,,,,,,,,,,,,,,,,,,,,,,,,,,,,,,,,,,,,,,,,,,,,,,1268,,,,,,,,,,,,,,,,,,,,,,,,,,,,,,,,,,,,46,,,,,,,,,,,,,,,,,,,,,,,,,,,,,,,,,
Netherlands,33852,1192,3975,,,5321,23,32,3170,850,3994,10366,6671,728,56,121,1335,82,284,54038,,288,35,327,881,813,235,16089,,615,18714,375,2334,11997,738,1923,9776,,56,85,,3328,62708,,,14375,,996,,738,1268,267,1313,61301,563,681,97,5122,3514,96,75,8688,2182,12893,377,47,2150,937,83,9451,,,69,2896,24712,,96,672,296,123273,14212,13959,,47,,756,2619,247,2356,1411,466,12801,407,22713,132159,29405,41384,5161,,5086,24402,930,5835,923,228,2971,,1143,71,210,3202,3475,134,1937,908,,4433,1139,174,293,3630,179,348,,320,3801,,78,482,,,172291,655,1104,268,,1639,,,3814,478,270,7079,,161,,2738,596,12127,,318,132,201,3907,12381,98435,16750,,101,7092,173,14757,56841,1157,77,56,,67,26,,157,1850,1012,26711,4263,3547,21893,505,152,,27115,13470,,24734,10461,,4422,196783,4447,6889,9714,53,13990,,1180,,534,4568,204551,,,1508,1208,742,49549,1454,28285,,658,443,,3878,13600,,,486,994,1453
New_Caledonia,,,586,,,,,,,,,258,,,,,,,,,,,,,,,,,,,,,,,551,,,,,,,,87,,,,,,,,,,,,,,,,,,,,,,,,,,,,,,,,43901,532,,,,,,,,,,,,,,,,,,,938,,,,,,263,,,,,,,,,590,,,,,,,,,,,,,,,,,,,,,,548,,,,,,,,111,,,,,,,,,,,,,,,,,,,,,,,,,,,,,,,,,,,,,,,,,,,,107,,,,,,,,,,,,,,625,,,,,,,,,,,,,3611,,583,11177,,,,
New_Zealand,2540,,,,,,,,1770,,,65161,1340,,,,1530,,,,,,,,,,,3728,,,,,,,6826,,9950,,,,,2503,92602,7334,,1197,,,13460,,,1795,,,,1337,,,1465,,,,,1324,,,,,,1187,,,54815,,3905,,,,,13447,,,,,,,,,,,,1421,,69800,5105,3201,5698,9398,,,2044,,10670,,,1714,1533,,,,,,,,,,,,,,16991,,,,,,,,,,,,,2200,,,1465,20589,,,,,,4364,,,,,2961,,,1399,,,38756,2019,,,,27640,,2319,5679,,,,,,52640,,,1951,,1103,,5579,,,,,1147,56396,,,9956,,,,1402,3185,,,8023,,,23291,,,,,,,1402,,265014,,22300,,,,,,6393,,,,1471,8416
Nicaragua,61,,113,,,,,119,270,,,,38,,84,,,,,44,24,,,,64,,,122,,,61,,,,,,252,,,,,126,139,,,447,,,,10772,,,941,,,,,47,52,,,69,111,,2444,,,,,81,,,,,148,,,,,300,,,,,,1762,,,,23,12439,,,24,,,,24,,,190,20,40,26,,,,,,,,,,,,,,,,,,,,,,846,,,,,,,,,,,,267,,,,,24,,,,,,,,405,,,228,,,,58,,61,,,194,,,,,,,,,,188,,,,,,,,38,,,460,,,,,33,84,,,,,,,,,,,,,78,,71,,3606,,38,,,159,,,,30,,
Niger,,,460,,,,,,,,,,,,,,,,,,,17908,,,,,,,,,,19323,,,,417,,,,756,,,,,,,,,,,1419,,,,,,,,,,,,,,,,,,,,,,,,,,,,,,1680,,,,,,,,,,,,,,,,,,,,,,,,,,,,,,,,,,157,,,,,,,94640,,,,,,,,,,,,,,,,,,,,,93179,,,,,,,,,,,,,,,,,,,,,,,,,,,,,,1150,,,,,,,,,,,,,,529,,,,,,,,9702,,,,,,,,,,,,,,,,,,,,,,,
Nigeria,,,,,,,,,,,,,,,,,,,,,,351985,,,,,,,,,,,,,,26893,,,,29175,,,,,,,,,,,,,,,,,,,,,,,,,,,,,,,,,,,,,,,,,222377,,,,,,,,,,,,,,,,,,,,,,,,,,,,,,,,,20541,,,,,,,,160967,,,,,,,,,,,,,,,,,,,,112733,,,,,,,,,,,,,,,,,,,,,,,,,,,,,,,,,4073,,,,,,,,,,,,,,,,,,,,147698,,,,,,,,,,,,,,,,,,,,,,,
Niue,,,,,,,,,,,,15,,,,,,,,,,,,,,,,,,,,,,,,,,,,,,,,,,,,,,,,,,,,,,,,,,,,,,,,,,,,,40,,,,,,,,,,,,,,,,,,,,,,,,,,,,,,,,,,,,,,,,,,,,,,,,,,,,,,,,,,,,,,,,,,,335,,,,,,,,,,,,,,,,,,,,,,,,,,,,,45,,,,,,,,,,,,,,,,,,,,,,,,,,,48,,,,,,,,,,,10,,,,,,,,,,,
Macedonia,,67799,,,,,,,,,,,,,,,,,,,,,,,,8713,,,,,1072,,,,,,,,,,,,,,,,,,,,,1433,,,,53,,,,,,,,1964,,,,,,,,,,,,,,,,42,,233,,,,,,,,,,81,,,,,,,,,37,,,,,,,,,,,,,,,,,,,,,,,,,,,,,9229,,,,,,,,,,,,,,,,,,,,,,,,,,100,,,,,,23,215,,,,,,,,,,,17930,,,,36,256,,,,,,,,,,,,,,,,,,,,19922,,,,64,,,,,,,,,,,,,,,
Northern_Mariana_Islands,,,,,,,,,,,,,,,,,370,,,,,,,,,,,,,,,,,,,,,,,,,,2592,,,,,,,,,,,,,,,,,,,,,,,,,,,,,,,,,,,,,,,,,,726,,,,,,,,,,,,,,,,,,536,,,,,,,,,,,,,,,,,,,,,46,,,1115,,,,,,,,,,125,,,,,,,,,,,,,564,,,,,11045,,,911,,1436,,,,,,,,,,,,,,,,,,,,,,,,,,,,,,,,,,,,,,,,,,,,,,,1249,,,,,,,,,,,
Norway,13270,979,1223,,,495,,,1098,304,,2230,1595,526,21,32,1008,23,1031,1678,,28,,369,540,13348,119,5209,,34,5759,31,1025,409,409,684,3061,,,24,,6658,11095,1238,0,5699,,224,,280,339,3427,976,,198,2162,37,2210,25595,58,,799,767,1082,204,,14824,5069,,7988,,892,41,6854,6375,,,1163,315,28318,1900,2304,299,,,449,276,64,88,40,119,3945,8313,11977,1543,16222,22252,1115,,795,4020,162,1396,432,941,1985,,403,194,100,9647,1866,,932,545,27,35963,141,476,120,845,53,100,,60,1237,,,147,408,,5583,193,3143,82,,1576,8686,,637,193,48,1795,,2494,,,54,19498,,60,,150,1492,20741,91361,2885,0,68,7496,781,12137,17310,618,,,,,,,,634,255,3926,519,772,,3857,382,,27311,1466,65,6308,9289,3342,3300,41,49707,2250,5536,109,18218,,116,,348,1014,11230,76,,1138,4270,437,19547,941,17695,,236,493,,1070,13835,,42,355,543,294
Oman,,,,,,,,,,,,,,,,893,247568,,,,,,,,,,,,,,,,,,,,,,,,,,,,,,,,,,,,,,,,,,,,,,,69046,,,,,,,,,,,2642,,,,,,,,,,,,,,,,,,,1076151,58468,,9610,,,,,,,17108,,,,668,,,,,,,,,,,,,,,,,,,,,,,,,,,,,,1264,,,,,,,,,,,195644,,,,,,36168,,,,386,,,,,,,,,,,,,1673,,,,,,,,,,,317,,23519,,15552,,,,,,,,,,,,,,,,,14848,9369,,,,,,,,,,,,,
Pakistan,1710378,,,,,,,,,,,,,,,,,,,,,,,,,,,,,,,,,,,,,,,,,,334,,,,,,,,,,,,,,,,,,,,,,,,,,,,,,,,,,,,,,,,,,,,,,,,,,,1709217,408,2301,251,,,,,,,,,,,,,,,,,,,,,,,,,,,,,,,,,,,,,2460,,,,,,,,,,,,,,,,,,,,,,,,,,,,,,,,,,,,,,,,,,,,,,,,,,,578,,,,,,,,,,,,,,,,,,,,,,,,,,,,,,,,,
Palau,,,,,,,,,,,,,,,,,,,,,,,,,,,,,,,,,,,,,,,,,,,473,,,,,,,,,,,,,,,,,,,,,,,,,,,,,,,,,,,,,,,,,,235,,,,,,,,,,,,,,,,,,140,,,,,,,,,,,,,,,,,,,,,,,,400,,,,,,,,,,,,,,,,,,,241,,,,,,,,,2919,,,,,68,,,,,,,,,,,,,,,,,,,,,,,,,,,,,,,,,,,,,,,,,,,,,,,324,,,,,,,,,,,
Panama,,,,,,,,,2550,,,279,108,,,,42,32,,271,86,,,,454,,,2002,,,73,,,,,,1808,,,,,1813,18665,281,,55251,,,,7760,,102,2825,31,,38,,,147,,58,8095,2672,73,3225,,,,,,,,,46,969,,,,58,1065,,325,,27,,1606,,,48,542,1504,59,,4481,135,86,,92,,1114,1318,697,372,119,,,,,,,,526,,,38,,46,,,,28,,,,,4832,,,,,,79,,98,,,,482,,50,12915,,37,,,,77,,84,,,,122,4290,1601,196,254,721,,402,,182,995,,,,46,,,,,50,,27,,46,,36,,,,46,,3702,,167,,,212,367,265,,144,,,,119,,112,,,,502,,2017,,14040,,762,,,9883,59,,,,,
Papua_New_Guinea,,,,,,,,,,,,9183,,,,,,,,,,,,,,,,,,,,,,,,,235,,,,,,88,,,,,,,,,,,,,,,,,,,,,,,,,,,,,,84,,,,,,,,,,,,,,,,,,,,,156,13527,,,42,,,,,258,,,,,,,,,,,,,,,,,,79,,,,,,,,,,,,,,,,,,,1778,,,,,,,,,,,,,,,1459,,,,,64,,,26,,,,,,,,,,,,,51,,,,221,,,,,79,,,,,,,,,,,27,,,,,,,,,1616,28,731,,,,99,,,,,,,
Paraguay,,,,,,,,,57056,,,,,,,,,,,,,,,,1009,,,73715,,,,,,,,,2281,,,,,2109,780,,,,,,,,,,,,,,,,,,,,,,,,,,,,,,,,614,,,,,1659,,,,,,,,,,,,,,,,,,,,,876,,1983,,,,,,,,,,,,,,,,,,,,,,,1605,,,,,,,,,,,,,,,,,,,,,,,,,,,,,,872,,,,2547,,,,,,,,,,,,,,,,,,,,,,,,883,,,,,,,,,,,,,,,,,,,,,174,,1576,,2925,,,,,,,,,
Peru,,,19,,,15,,,14386,,,601,200,,,,,,,626,,,,,16767,,,8817,,,69,,,,,,3062,,,,,9437,18783,,,7599,,,,343,,92,922,,,91,88,,247,,,184,6855,20,110,,,17,,,,,,72,3952,,,,,5215,,60,,,,166,,,,49,168,65,15,1434,43,59,19,215,,516,4153,,3417,39,,,,,,,,71,,,,,,15,,,44,,21,,,3294,,,,,,38,,,,,,691,,95,164,,,,,,107,,73,,350,,555,,328,201,131,139,,1691,,186,641,,,,,22,,,,33,,,,,,,29,,,118,,6648,,,,,287,794,,,21,,,,,,52,,,,245,,2945,,18958,,623,,,4129,,,,,,
Philippines,1220,116,462,,,76,,,148,135,63,3993,503,,,111,158,,,533,,,,,35,,,162,,82,,,,131,39,,5565,,,,,93,35952,256,,125,,529,,39,,,,,,,5753,32,442,,,,459,161,,,,,,,,,,112,1204,,,,,3786,34,153,,,1008,34,,,,,,244,53,10639,3304,586,71,431,,614,1731,,13749,177,,53,,171,,287,,134,,,48,,,,,,793,,,,,145,,,,,,,,421,,,68,483,,383,,,192,,,,653,408,499,34,,60,,111,,110,60,51,120,6906,,35,67,,,,,,,,,733,,,,820,,,,,,813,,1305,172,,62,125,605,1033,62,,340,141,,,,568,879,,,,,431,4282,,35564,,,,,,413,,,,,
Poland,141,126,582,,,56,,,272,2104,,908,3789,266,,,99,,75925,5219,,,,,48,3476,,260,,,1729,,,,26,36,2951,,,,,58,1177,,,123,,106,,35,,785,225,,208,4512,,,892,,,20,45,452,,,30,198,,43,,,,250,26120,,,,325,76313,35,3098,,,,,55,,26,,,1343,492,857,112,230,425,7591,,346,9934,,510,136,4603,60,,191,125,,1550,382,,,240,,50444,230,,,40,29,,,,212,,24,322,58,,317,26,,,,55,2589,,106,,,380,,265,,1528,,213,,32,,,111,194,,136,,25,117,554,2480,38147,,,,,,,,,174,87,1034,,,,1295,152,,,380,,4820,85,,112,,1306,1015,588,57,98,,,,,409,873,53,,62,206519,125,34545,69,13671,,93,496,,72,2792,,,113,42,103
Portugal,,50,230,,372,156251,,,1320,100,,1202,504,65,,,1470,,946,3421,,33,,,213,42,,134245,,,5179,,,59532,,73,7275,,,,,194,10461,132,1995,644,,474,,,130,81,1621,,29,247,73,1816,395,,,66,447,420,85,221,,128,578,30,,,,334,90792,,566,114,1070,26905,192,186,,,,30,4500,28422,,,,398,28,7809,247,203,42,1561,,339,2726,26,309,28,872,101,,,,,206,73,,28,28,202,364,3926,26,457,49,113,43,,40,264,,,,77,,1968,70228,,,,530,3960,,44,,,265,,272,,331,,1935,,35,,53,285,474,974,,,,129,19726,22763,5674,,,,,,,,17915,,2078,51,53,28,,92,55,,,11028,,15843,26,,,,803,16183,26,,272,1717,74,,,137,296,,,27,46533,,18383,68,6957,,225,879,,24174,53,,,,,1145
Puerto_Rico,,,,,,,,,1180,,,,,,,,,,,,,,,,56,,,95,,,,,,,,,119,,,,,789,1088,,,3788,,,,685,,,13321,,,,,,,,1190,57891,851,35,846,,,,,,,,,,143,,,,,504,,,,,,381,,,50,160,408,,,49,,,,,,45,192,43,83,90,,,,,,,,18,,,,,,,,,,,,,,2647,,,,,,,,,,,,27,,,234,,,,,,,,,,921,,,686,140,18,35,,,114,,,,,,,,,,,,,,,,,,,,,,,,1816,,,,,,,,,18,,,,174,,21,,,,,,173,,165147,433,,,,2302,64,,,,,
Qatar,1571,,,,,,,,,,,,,,,764,160183,,,,,,,,,,,,,,,,,,,,,,,512,,,,,,,,,,,,,,,,,,,,,,,,163569,,,1854,,,1667,,,,,1061,,,,,,,,,,,,,,,,,,,645577,43049,,,,,,,,,32217,,,,6494,,,,8274,,,,,,,,,,,,,,,,,,,,1437,,,,,151314,450,,,,,4071,,,,,,133212,,,,,,148496,,,,,,,,,,,,,,,,,897,,,,,,,,,1243,,2033,,54731,5595,18583,,,,7148,,2291,,,,,978,5046,,,,,9682,3841,,2280,,,,,,,,,34877,,
Korea,,,,,,,,,,,,4989,,,,,10772,,,,,,,,,,,,,,,,,,13497,,17298,,,,,,609332,,,,,,,,,,,,,,,,,,,,,,,,,,,,,,,,2322,,,,,1791,,,,,,,,,,,,,,5494,31739,,,,,,,,22489,,1422,,,,1893,,,,,,,,,,,,1376,,,,,,,,25180,,,,,4403,,,10647,,,2212,,,1483,,,,,,9629,,,,,,45706,,,,,,,,4465,,,,,,,,,,,,,,,,,,,1924,,,20085,,,,,,,,31883,,,,,,,,,,,,4773,,66621,,,24012,,,113589,,,,,
Moldova,,,,,,,,,,,,,,741,,,,,2115,,,,,,,,,,,,116,,,,,,,,,,,,,,,,,,,,,,,,,185,,,,,,,,,,,,,,,,,,,,,,,607,714,,452,,,,,,,,,,112,,,,,,,,400,3285,,,,4452,,,,,,,,,,,,,,,,,,,,,,,,69,,,,,,,,,,,,,,,,,,,,,,,,,,,133,683,,,,,1915,40760,,,,,,,,,,,,,,,,,,,,,,,,,,,,,,,,,,,,596,,,,43223,,,,,,,704,,,,,,,,
Romania,,3,130,,,,,,24,32,,73,509,,,,100,,39,1102,,,,,,11,,29,,,10465,,,,,36,118,,,,,25,3722,,,,,,,,,18,42,,307,138,,,263,,,17,,105,,,,,,,,,,24,6471,,,,57,6552,57,4653,,,,,49,,,,,6420,,78,,1261,1419,657,,1837,38580,,34,120,85,,,,,,,806,,,,,12,30,,,,57,,,,116,,,,,,129,,,,,,198,,,,,170,,1536,,263,,289,,,,13,,40,170,364,,,23,109623,,5269,,,,,,,,,19,16,5783,,,,21,,,,,,29937,4,72,,,191,158,2576,,,,,,,1062,4476,,,,11900,13,5208,,2876,,,,,31,80,,,,,
Russia,5095,234,778,43,,511,49,,252,527287,,543,2953,767339,,,471,,764279,471,,94,,,84,515,28,433,,,5841,445,131,45,114,334,558,,91,152,,107,56171,60,,206,88,580,,32,110,321,2227,,716,11257,10624,,231,,,,241,1060,,104,,58751,,272,,,,2210,2567,,,,450221,142026,316,1952,,,,,204,131,,,,16841,44,5701,163,2012,986,175,,3649,1896,,1025,816,2560269,451,,85,591349,122,89389,968,,,270,,71078,36,84,29,1556,73,54,,,204,,45,21144,263,,1101,111,626,121,,175,548,,86,60,30,796,,255,50,701,52,728,,25,,36,277,147,29207,232,,26,3721,294314,3911,,45,,,,,,46,,219,73,,,50,,1832,350,,59,240,,1394,588,566,258,,475,580,3265,466508,217,,,,,335,10237,185664,,82,3269992,355,1741,217,4588,,121,1146803,,98,13671,,31,648,471,73
Rwanda,,,,,,,,,,,,,,,,,,,,,,,,,,,,,,,,,134501,,,,,,,,,,,,,,,,,,,,,,,,,233744,,,,,,,,,,,,,,,,,,,,,,,,,,,,,,,,,,,,,,,,,,,,,,,,2581,,,,,,,,,,,,,,,,,,,,,,,,,,,,,,,,,,,,,,,,,,,,,,,,,,,,,,,,,,,,,,,,,,,,,,,,,,,,,,,,,,,,,,,,,,,,,,,,92195,,,,42776,,,,,,,,,,,,
Saint_Kitts_and_Nevis,,,,,,,,404,,,,,,,24,,,96,,,,,,,,,,,243,,,,,,,,,,,,,,,,,,,,,,,,,,,,,,,,200,,,,,,,,,,,,,,,,,,,,,,,57,,,,,777,,,,,,,,,,,,,141,,,,,,,,,,,,,,,,,,,,,,,,,,,,,430,,,,,,,,,,,,,,,,,,,,,,,,,,,,,,,,,,,102,,168,,,,,,,,,,,,,,,,,,,,,,,,,,,,,266,,,,,,,,,,,613,,,,,,,,,,
Saint_Lucia,,,,,,,5,90,,,29,12,10,,11,,,421,,9,0,,2,,,,,8,8,,,,,,,,257,10,,,,,52,,,,,,,,,,83,83,,,,,,,261,38,,,,,,,,2,,,,,54,,,,,50,18,,,168,,3,,,2185,24,,,,218,,,,17,,,14,390,10,,,,,,,,,0,,,,,,,,,10,,,,,18,,,,,30,,,,,,,12,,1,,,69,,,,,,2,,7,,,,23,,,8,,,,,,,36,,,315,,,,,,,,,54,,,,,5,,,,,,22,,9,137,,,,,,526,,,,,,,,791,,877,94,,,,29,,,,,,0
Saint_Pierre_and_Miquelon,,,,,,,,,,,,,,,,,,,,,,,,,,,,,,,,,,,,,181,,,,,,,,,,,,,,,,,,,,,,,,,,,,,,,,,,,,,,723,,,,,,,,,,,,,,,,,,,,,,,,,,,,,,,,,,,,,,,,,,,,,,,,,,,,,,,,,,,,,,,,,,,,,,,,,,,,,,,,,,,,,,,,,,,,,,,,,,,,,,,,,,,,,,,,,,,,,,,,,,,,,,,,,,,,63,,,,,,,,,,,
Saint_Vincent_and_the_Grenadines,,,,,,,,58,,,,,,,,,,351,,,,,,,,,,,,,,,,,,,172,,,,,,,,,,,,,,,,,152,,,,,,,87,,,,,,,,,,,,,,,,,,,,,,,439,,,,,246,,,,,,,,,,,,,126,,,,,,,,,,,,,,,,,,,,,,,,,,,,,,,,,,,,,,,,,,,,,,,,,,,,,,,,,,,,,,,39,240,,,,,,,,,,,112,,,,,,,,,,,,,,,,,,,,976,,,,,,,,805,,342,,,,,,,,,,,
Samoa,,,,1379,,,,,,,,287,,,,,,,,,,,,,,,,,,,,,,,,,9,,,,,,50,,,,,,11,,,,,,,,,,,,,,,,,,,,,,,,118,,8,,,,,37,,,,,,,,,,,,,,,,,,,,,,,43,,,,12,,,,,,,,,,,,,,,,,,,,,,,,,,,,,6,,,,1290,,,,6,,,,,,,,40,,,,,,,,,,,,,,,,,,,,,,,,,,,,10,,,,,,,,,,,,,,,,65,,,,,,,,,23,,316,,,,14,,,,,,,
San_Marino,,37,,,,,,,85,,,,,,,,,,,,,,,,,,,29,,,,,,,,,,,,,,,,,,,,,,,,,,,,,,,,,,,,,,,,,,,,,,,29,,,,,,,,,,,,,,,,,,,,,,,,,,4460,,,,,,,,,,,,,,,,,,,,,,,,,,,,,,,,,,,,,,,,,,,,,,,,,,,,,,,31,,,,,,135,36,,,,,,,,,,,,,,,,,,,,,,,,,,,,,,,,,,,,,,,,65,,,,,,,,,,,,,,,
São_Tomé_and_Principe,,,,,,358,,,,,,,,,,,,,,,,,,,,,,,,,,,,1363,,,,,,,,,,,,,,,,,,,,,,,,,,,,,,,,146,,,,,,,,,,,237,,,,,,,,,,,,,,,,,,,,,,,,,,,,,,,,,,,,,,,,,,,,,,,,,,,,,,,,116,,,,,,,,,,,,,,,,,,,,,,,,118,,,,,,,,,,,,,,,,,,,,,,,,,,,,,,,,,,,,,,,,,,,,,,,,,,,,,,,,,,,,,
Saudi_Arabia,385241,,,,,,,,,,,,,,,,1022812,,,,,,,,,,,,,,,,,,,,,,,,,,,,,,,,,,,,,,,,,,,,,,,770483,,,,,,131493,,,,,,,,,,,,,,,,,,,,,,,,2003256,1368407,,4865,,,,,,,192620,,,,,,,,123277,,,,,,,,,,,,,,,,,,,,,,214371,,,403005,,,,,,,,,,,,1187817,,,,,,516223,,,,,,,,,,,,,,,,,,,,,,,,,,,,,,423765,,385241,,,,659067,,,,,,,,,,,,,,,,,,,,,,,,,616386,,
Senegal,,,4204,,,,,,,,,,,,,,,,,,,3621,,,,,,650,,,,,,,,1014,,,668,,,,,,,,,,,,2850,,,,,,,295,,,,,,,,,,,,,,,,,13909,,,5386,,876,1790,,,,,,51711,29591,,,,,,,,,,,,,,,,,,,,,,,,1106,,439,,,,,,,,34245,,,45357,,,,,,,4134,,,,,,,,,,1697,829,,,,,,,,,,,,,,,,,,,,,283,,,,,,,,1430,,,14963,,,,,,,,,,,,,,,,,,,,1677,,,,0,,,,,,,,802,,,,,,,,,,,
Serbia,,467,53,,,,,,49,158,,675,6998,,,,,,134,217,,,,,,335992,,85,,,1134,,,,,,612,,,,,,1763,,,,,,,,,283247,29,,173,514,,,183,,,,,77,,,,,,,,,,34,5388,,,,48,16083,29,914,,,,,,,,,,1800,,295,32,65,176,52,,109,1923,,39,99,97,,,67,,,,45,,,374,,28,90,,,,,53,,,26,,,,71224,,33,,,,,,752,,24,,,,,46737,,138,,,,,,,49,43,664,39,,,26,230,3607,2944,,,,,,,,,,,,,,,476,10930,,,141,,158,,76,,,1191,2856,123,,,,,,,40,388,29,,,1274,24,647,,1286,,,80,,37,,,,,57,28
Sierra_Leone,,,,,,,,,,,,,,,,,,,,,,65,,,,,,,,,,11,,43,,,19,,,0,,,195,,,,,,,,154,,,,,,3,0,,,,,,,,0,1,,,,,,,,,,,705,,36,995,,,,,,39375,377,,,,,,855,,,0,,,,,,1,,,27,,,,,,617,,10917,,,,,,,,323,,,97,,,,,,,,,,,,,,,,,53,2022,,,,,,94,,,,,,,,,,,4,,,67,0,,,,,,,,,353,,,,,,,,0,85,,,,,15,,,,,,,,27,,,,,,,,,,167,,179,,,,,,0,,,,18,
Singapore,,,,,,,,,,,,10129,,,,,80747,,,,,,,,,,,,,,,,,,,,4700,,,,,,448566,61969,22199,,,,,,,,,,,,,,,,,,,,,,,,,,,,,,,,,,,,,,,,,,,,,,,,,150082,163237,,,,,,,,,,,,,,,,,,,,,,,,,,1123654,,,,,,,,,,,,,,,,,,,3938,,,,,,,,,129253,,,,,,15392,,,,,,,,,,,,,,,,,,,,,,,,,,,,,,10730,,,,,,,,19269,,,,,,,,,,,,,,17161,,,,,,,,,,,
Sint_Maarten,,,,,,,383,534,,,1286,,,,,,,73,,,,,,,,,,,904,,,,,,,,38,,,,,,174,,,208,,,,,,,828,1425,,,,,,,1495,3546,,,,,,,,,,,,,89,,,,,,,,,,,,,,1807,2746,,,,834,60,,,,,,,2364,,,,,,,,,,321,,,,,,,,,,,,,,,,,,,,,,,,,,730,,,,,,,,,,,,,,,,,,,,26,,,,,,,1042,487,,70,,,,,,,,,,,,,,,,,,,,521,,,,,,,,,208,,,,,,,,53,,312,70,,,,41,,,,,,
Slovakia,299,99,105,,,25,,,83,148,,288,3361,37,,,,,223,828,,,,,,394,,114,,,2193,,,,,,480,,,139,,28,1074,,,56,,23,,,,850,137,,120,87989,,,260,,,,36,195,,,,55,,31,,,,154,2938,,,,78,4817,19,431,,,,,,,,,,17058,63,155,35,130,79,914,,192,2841,,137,57,246,25,,75,25,,144,111,,,59,,142,57,,,,,27,,,93,,,64,39,,55,,,,,,585,,43,,,111,,760,,750,,90,,,,,59,34,6721,172,,,534,125,8299,2780,,,,,,,,,39,,1917,,,,,311,,,112,,885,,44,,,270,677,237,,71,,,,,153,322,,,,10092,75,5501,,2181,,,46,,,2145,,,34,,
Slovenia,25,148,28,,0,2,,,417,13,,363,2820,10,,0,3,,143,310,2,2,,0,,100880,2,114,,,1179,4,3,,6,17,389,,34,1,,28,863,,,41,0,9,,4,2,46995,70,,16,388,,6,58,0,,166,9,113,,0,8,28,,16,,,,33,1167,,1,16,18,7586,38,91,,,,1,5,18,,10,5,402,8,143,43,89,58,44,,34,3646,9,81,60,100,25,,11,7,,38,23,0,4,40,11,33,39,15,2,8,6,8,,0,69,,,4,2843,,22,4,,3,,14,325,,,2,0,49,,15637,,16,1,26,,,,,52,114,413,52,,1,,338,466,2082,11,,,,,,,,17,5,27073,5,11,,600,,,35,47,,463,17,2,16,,332,980,61,3,220,,3,,,53,116,5,,4,1803,12,559,2,702,,11,32,,,15,,3,13,5,12
Solomon_Islands,,,,,,,,,,,,279,,,,,,,,,,,,,,,,,,,,,,,,,,,,,,,197,,,,,,,,,,,,,,,,,,,,,,,,,,,,,,103,,,,,,,,,,,,,,,,,,,,,,69,,,,,,,,29,,,,265,,,,,,,,,,,,,,108,,,,,,,,,,,,,,,,,,33,73,,,,,,,,,,,,564,,,120,,,,,31,,,,,,,,,,,,,,,,,,,,,,,,,,,,,,,,,,,,,,,,,,,,,39,,29,,,,66,,,,,,,
Somalia,,,,,,,,,,,,,,,,,,,,,,,,,,,,,,,,,,,,,,,,,,,,,,,,,,,,,,,,,,,,,,,,,,,34,,,13641,,,,,,,,,,,,,,,,,,,,,,,,,,,,,,,,,,,,,,,,,,,,,,,,,,,,,,,,,,,,,,,,,,,,,,,,,,,,,,,,,,,,,,,,,,,,,,,,,,,,,,,,,,,,,,,,,,,,,,,,,,,,,,,,,,,,,,,,,,,,,,,,,,5883,,
South_Africa,145,251,695,,,62147,,,3699,,,11252,8417,,,255,3953,44,370,12415,,300,91,,251,314,65404,4579,31,31,6141,,10232,,,3854,8890,,181,,,1040,36583,2519,,924,304,30731,,,1803,1560,2391,,7673,3111,211,47609,3944,,,,,7213,,,890,224,82621,4844,,,69,1009,11827,,484,,,88577,10412,14101,,,,139,119,44,85,,,,45,37740,1899,1096,255,18903,,6976,36422,300,2730,85,,25668,,139,54,45,654,1444,295581,1170,251,,625,36,666,96776,1419,165,529,,,444,,36,,,,1693,638833,334,164599,31,195,31411,,4884,166,29,25842,29,184,36,1735,45,15619,,89,89,181,314,2336,15390,42487,,,2598,,2524,5302,7377,36,,,,,,,964,4308,6052,771,1419,,655,,,29171,,94,2271,1538,146,4640,,374,3066,179,,1365,,,,36,175,1760,,,7574,5946,276,117150,14962,15848,,175,,,466,249,,,136,87077,336046
South_Sudan,,,,,,,,,,,,,,,,,,,,,,,,,,,,,,,,,,,,,,,4574,5184,,,,,,,,,,,,,,,,,,87755,,,,,,5145,,,3318,,,12786,,,,,,,,,,,,,,,,,,,,,,,,1414,,,,,,,,,,,,9558,,,,,,,,,153,,,,,,,203,,,,,,,,,,,,,,,,,,,,,3537,,,,,,,,,,,,,,,,,,,,,,,,,,,,,,,,,,,,,,,,,,,,562391,,,,,,,,,,,,,,,145607,,,,,,,,,,,,,,,,
Spain,458,1938,56038,,5900,3553,,,251841,9516,,6376,8844,616,58,56,9836,43,3886,44130,34,398,,,150680,2119,,99187,,22,126875,1147,107,4445,95,5178,6922,,162,122,,54400,155713,,,347505,,2105,,3339,2958,1684,131134,,366,8548,115,1468,11539,21,966,156905,416394,4128,9192,19339,137,1875,,3713,,,32,12359,203692,,278,17017,8760,200641,12043,3982,,622,,7411,9689,5369,111,723,41333,9297,1122,34447,1937,5888,1829,14925,,2858,106324,282,6128,2261,1797,1555,,483,333,188,3987,3341,,819,966,115,16284,1425,462,65,602,17576,312,,8532,48613,119,235,419,167,,699880,1197,87,126,,3136,46711,,1073,20361,280,30198,,627,,16018,51,54547,,4246,30,58926,184802,42659,63864,112032,,91,4189,17084,646181,79255,283,,45,,,,37,189,845,49461,3900,1025,503,,7297,1312,,272,2829,,,628,,389,218,19318,62286,5910,84,2084,,508,,206,2734,3969,60,,211,81618,326,305969,360,42291,,73640,642,,160478,1634,,,139,148,335
Sri_Lanka,131,,,,,,,,,,,472,,,,400,669,,,,,,,232,,,,,,,,,,,,,251,,,,,,2463,,,,,,,,,,,,251,,,,,,,,,130,,,,,,,,,,61,299,,,,,557,,90,,,,,,,,37,,,,10730,322,104,40,,,55,5130,,843,275,,,,1742,,,,736,,,40,,,,,,918,,,,,,,,,,,,,,,,342,,,111,,,,,,,117,330,823,,,,,,,,33,,274,607,,,149,,,,,,,,,1406,,,,608,,,,,,261,,35,,,,,129,289,73,,275,,,,,,45,,,,,1676,1184,,609,,,,,,,,,,,
State_of_Palestine,,,,,,,,,,,,,,,,8555,,,,,,,,,,,,,,,,,,,,,,,,,,,,,,,,,,,,,,,,,,,,,,,,18451,,,,,,,,,,,,,,,,,,,,,,,,,,,,,,,,,,,,62895,,,,55709,,,,17111,,,,3311,,,,,,,,,,,,,,,,,,,,,,,,,,,,,,,,,,,,9334,,,,,,,,,,,10111,,,,,,,,,,,,,21778,,,,,,,,,,,,,,,,,,,4672,,,,,,,600,,,,,,10888,,,7826,,,,,,,,,1467,,
Sudan,,,,,,,,,,,,,,,,,,,,,,,,,,,,,,,,,,,,,,,13489,74514,,,1111,,,,,,,,,,,,,,,7445,,,,,,13423,,,159748,,,50734,,,,,,,,,,,,,,,,,,,,,,,,1277,,,,,,,,,,,,2575,,,,,,,,,1557,,,,,,,678,,,,,,,,,,,,,,,,,,,,,14828,,,,,,,,,,,,,,,,,,,,,,,,,,,,,,,,,,,,,,130,,255959,,,,,,,,,,,,,,,,,,,1250,,,,,,,,,,,,,,,,
Suriname,,,,,,,,,,,,,,,,,,,,,,,,,,,,5023,,,,,,,,,,,,,,,4915,,,,,,,,,,,,,,,,,,,,,,,,,,,,,,,,,,,,,,,,,,,,,,12232,,,,,,,,,,,,,,,,,,,,,,,,,,,,,,,,,,,,,,,,,,,,,,,,,3138,,,,,,,,,,,,,,,,,,,,,,,,,,,,,,,,,,,,,,,,,,,,,,,,,,,,,,,,,,,,,,,,,,,,,,,,,,,,,,,,
Sweden,31267,2569,3022,,5,742,,8,3152,2674,,3988,5772,2935,30,88,7363,113,2833,2490,14,90,19,28,4450,57705,110,7341,3,11,8757,79,2935,379,611,1360,3596,,108,71,,28072,28410,581,,11914,3,806,,423,981,8452,2724,,759,1831,83,3381,41870,333,42,733,2422,6256,2942,45,28616,10303,32,16704,,,63,156045,9525,,25,4884,1325,49586,2663,16025,,40,,809,528,142,120,144,361,16531,5644,23237,2429,69067,131888,2565,,2611,10769,355,3150,3898,1956,3803,3,2268,990,490,7026,26159,57,954,2689,3,11345,319,119,74,1510,139,176,1,68,2469,1,45,2609,921,,9480,330,1511,131,2,853,10656,,1094,804,48,4669,,6541,,42074,60,11469,3,293,31,202,7509,12406,85517,3583,,176,10690,836,26358,19450,592,1,35,,16,23,4,11,3768,807,10092,837,738,,1571,1252,4,60623,2515,21,10199,7025,5759,3763,44,,3584,98216,304,38792,4,363,31,291,4996,46373,235,,4195,7322,1777,25266,1700,19515,,2159,3612,1,1186,17085,,,1499,524,565
Switzerland,12697,2978,9499,,100,6743,,81,8895,986,,6186,60069,765,131,236,2414,79,1499,16447,53,619,,77,3803,55231,71,37517,,67,7408,653,570,2544,2401,7356,11908,,211,301,,7222,22978,,,12714,39,1188,,937,3195,19553,3316,,477,15128,348,6836,5616,109,401,11481,6505,6303,874,68,24089,777,95,7093,,,87,5327,158819,,297,990,948,352966,2687,12254,,46,,1027,1558,646,137,1723,637,24683,419,21961,3601,11562,9900,3838,,3852,262749,780,7677,769,3287,3463,,513,618,958,2133,6332,72,424,1366,2228,1927,2381,1836,138,2349,515,288,,119,7006,,288,916,2796,,17400,1366,290,279,,970,23056,,1867,641,216,3786,,60503,,2229,98,4909,,486,250,1111,9667,13436,37132,223088,,109,3916,1918,21062,22407,1048,,52,,,,,69,1268,2712,63340,355,2007,,18587,5654,,6852,7675,40,69181,32930,195,1443,130,9531,,15204,222,19471,,1968,,332,11461,77342,116,,750,9585,594,45658,858,37392,,1592,903,,4517,11417,,,594,357,992
Syria,1022,,,,,,,,,,,,,,,,,,,,,,,,,,,,,,,,,,,,,,,,,,,,,,,,,,,,,,,,,,,,,,,,,,,,,,,,,,,,,,,,,,,,,,,,,,,,,,,,203609,,,,,,,,,,,,,,,,,,,,,,,,,,,,,,,,,,,,,,,,,,,,,,,,,,,,,,,,,,,,,,,,,,,,,,,,,,,,,,,,,,,,1084,,,,,598128,211,,,,,,,,,,,,,,,,,,,,,,,,,,,,,,,
Tajikistan,12393,,129,,,,,,,194,,,63,169,,,,,680,,,,,,,,,,,23,,,,,,,49,,,,,,48,,,,,,,,,,,,,,155,,130,,,,,,,,,,,,,,,,,,,,664,133,,,,,,,,,,,,,,617,,1197,62,,,,,,,,839,,,,11301,,,,,,,,,,,,,,,,,,,,,,,,,,,,,50,,109,,22,,,,,,36,105,,,,,,,37,,,,,787,,234154,,,,,,,,,,,,,,,,,,,,,,,,,,,52,,,,,,,,,776,446,,,1209,,314,,274,22,,7539,,,,,,,23,
Thailand,1,,,,,,,,,,,1416,,,,,1404,,,,,,,,,,,,,,,,,,661275,,751,,,,,,74411,,,,,,,,16,,,,,,0,16,641,,,,,0,,,,,,2,,,,,1319,,,,,2299,,,,,,,,,,,,,,8901,671,14,82,,,,613,,8167,,,,,,,896727,,,,1,,,,,,,1314,,,,,,,,,,,,,1782773,,,11186,681,,1800,,,,,,,718,,2347,,,,,,1311,,530,,,909,,,,4,,,,,,,,1,,,,729,,,,,131,,,,7705,15,1,,697,940,,,,,2,,,,1,,,0,,,2068,,4055,,,,,,7049,,,0,,1
Timor-Leste,,,,,,,,,,,,562,,,,,69,,,,,,,,,,,66,,,,,,,,,,,,,,,953,,,,,,,,,,29,,,,,,,,,,,,,,,,,,,,,,,,,,,,,,,,,,,,,,,,,,4177,,,,,,,,,,,,,,,,,,,,,,,,,,65,,,,,,,,,,,,,,,,,,,72,,,,,,,,,306,,,,,,377,,276,,,,,,,,,,,,,,,,,,,81,,,,,,,,,,,,,,,,,62,,,,,,,,,,,,,,59,,,,,,208,,,,,
Togo,,,,,,,,,,,,,,,,,,,,65,,71638,,,,,,,,,,13641,,40,,697,48,,375,713,,,517,,,,,257,,,5746,,,,,,,651,,,,,,,,107,,,,,,,,,792,,896,1063,,200,46794,,,,,,3338,130,,,,,,,,,,,,,,,,,,,,,,,,,,168,,,,,,,,8122,,,145,,,,,,,,,,,,,,,,,65729,31974,,,,,,,,,,,,,,,,,,,,,665,,,,,,,41,,1008,,105,,,,,,,,,,,,,,,,,,,,,,,,,,,,,,,,182,,,,,,,,,,,
Tonga,,,,,,,,,,,,,,,,,,,,,,,,,,,,,,,,,,,,,,,,,,,122,,,,,,,,,,,,,,,,,,,,,,,,,,,,,,499,,,,,,,,,,,,,,,,,,,,,188,,,,,,,,,70,,,,,,,,,,,,,,,,,,,,,,,,,,,,,,,,,,,,,,,,,,,,,,,,,,,,,,,,,,,,,,,,,,230,,,,,,,,,,,,,,,,,,,,,,,,,,,,,,,,,,,,,,,,,,,,,,,,,
Trinidad_and_Tobago,,,,,,,,,,,,,,,,,,1066,,,,,,,,,,,,,,,,,,,1777,,,,,,866,,,,,,,,,,157,,,,,,,,,,,,,,,,,,,,,,,,,,,253,,,,8026,,,,,9830,,,,,959,,,,,,,,1497,,,,,,,,,,,,,,,,,,,,,,,,,,,,,,,,,,,,,,,,,502,,,,,,,,,,,,346,,,,,,,,,,,880,,6430,,,,,,,,,,,,,,,,,,,,,,,,,,,,,,,,,,,,,2368,,5798,,,,,1870,,,,,,
Tunisia,,,10411,,,,,,,,,,,,,,,,,,,,,,,,,,,,,,,,,715,,,,,,,,,,,,,,,646,,,,,,,,,,,,,1136,,,,,,,,,,,8612,,,,,1448,,,,,,,,,,,,,,,,,636,,,,2208,,,,,,,,,,,,,,9119,,,,,,,996,,,528,,,,,,,5785,,,,,,,,,,,542,,,,,,,,,,,,,,,,,,,,,,,,,,,,,,409,,,,,,,,,,,,,554,,,,,1228,,,,,,,,,,,,,,,,607,,,,,,,,,,,
Turkey,13601,3325,648,,,,,,140,796,,2947,14394,16856,,,329,,300,8787,,,,,,2376,,344,75,,482851,,,,,,1431,,,,,43,1764,56,,46,,,,53,,222,42,,10433,1137,28,73,3378,,,,,788,,,,112,76,150,,,,1677,16041,,,,6536,274691,144,59465,,,0,,,,,,,521,42,521,179,39332,142392,539,,2729,2853,,2008,918,5015,173,,286,1969,,63,1135,,,3082,,260,44,,,264,,42,,,153,,,190,,,481,,37,,,,21913,,290,,,880,,144544,,3567,24,1168,,,,,52,585,3428,224,,30,512,2341,20822,19944,,,,,,,,,4416,65,,,197,,314,146,,2176,295,,1213,52,740,400,,5355,10411,2768494,277,146,,,,,517,,2040,,,4195,43,18992,222,13634,,43,7997,,39,29,,,100,,
Turkmenistan,231,,,,,,,,,7113,,,,7654,,,,,2059,,,,,,,,,,,,,,,,,,,,,,,,,,,,,,,,,,,,,,,,,,,,,,,,,,,,,,,,,,,,,1038,,,,,,,,,,,,,,,,1904,,,,,,,,,20145,,,,,,,,,,,,,,,,,,,,,,,,,,,,,,,,,,,,,,,,,,,,,,,,,,,,,,,,,,75153,,,,,,,,,,,,,,,,,,,,,,,,,,,,,1478,,,,,,,,,,,8012,,,,,,,67505,,,,,,,,
Turks_and_Caicos_Islands,,,,,,,,,,,,,,,273,,,,,,,,,,,,,,,,,,,,,,462,,,,,,,,,,,,,,,,,,,,,,,,,1756,,,,,,,,,,,,,,,,,,,,,,,,,,,,13928,,,,,,,,,,,,,,,,,,,,,,,,,,,,,,,,,,,,,,,,,,,,,,,,,,,,,,,,,,,,,,,,,,,,,,,,,,,,,,,,,,,,,,,,,,,,,,,,,,,,,,,,,,,,,,,,,,,416,,925,,,,,,,,,,,
Uganda,,,0,,,,,,,,,,,,,,126,,,38,,,,,,,,,,,,,44379,,,,239,,,,,,366,,,,,,,,56,,16,,,,131,286214,154,,,,,0,,,9250,,,2507,,,,,222,,,0,,209,0,35,,,,,,,,,,8,,3520,,,,,,,362,,183,,,38254,,,,,,,,,0,,,,,6,,,,,0,,,,,,,,26,,,,,191,,,,,3,,,,7,,1004,,,,,,,,,,,154,,,272,72393,,,,,,,,,0,,,,,,,,35224,,262321,53,,,66853,,25,,,,,,3,,,,,,,,,,1072,21916,859,,,,,,,,,,6,2
Ukraine,4812,,,,,,,,,47307,,,,82299,,,,,245534,,,,,,,,,,,,1732,,,,,,,,,,,,6560,,,,,,,,,,,,,,,,,,,,,,,,,10222,,,,,,,,,,,64399,1083,,,,,,,,,,,,,,3816,,2136,,,,3752,,,,3714,222245,,,,26729,,19497,1764,,,,,24418,,,,,,,,,,,,,,,1737,,,,,,,,,,,,,,,,,,,,,,,,3078,,,,,149745,,3275758,,,,,,,,,,,,,,,,,,,,,,,1513,,,,,3720,29367,,,,,,,1355,22602,,,,,,,2738,,,219814,,,12390,,,,,
United_Arab_Emirates,7515,,,,,,,,,,,,,,,1834,1004611,,,,,,,,,,,,,,,,,,,,,,,4909,,,,,,,,,,,,,,,,,,,,,,,,825178,,,17735,,,10136,,,,,16642,,,,,,,,,,,,,,,,,,,3184043,292432,,,,,,,,,154989,,,,61939,,,,38446,,,,,,,,,,,,,,,,,,,,8204,,,,,25580,2896,,,,,14399,,,,,,913855,,,,,,518041,,,,2452,,,,,,,,,,,,,6036,,,,,,,,,8930,,14607,,110523,53484,122204,,,,48547,,11760,,,,,5389,35027,,,,,,26777,,14329,,,,,,,,,188606,,
United_Kingdom,48633,9902,22133,,52,12753,766,4738,10778,1400,888,128295,24702,2152,2314,6225,215757,25201,3443,30345,1606,535,4522,320,3043,9067,3301,41817,383,5043,33237,196,4039,942,1190,8364,95169,1200,291,329,19589,7633,198472,117494,,23668,127,7554,,676,6662,9574,2209,,97472,31619,10778,17442,26052,429,8165,1180,7327,34866,914,213,15063,6650,1454,14463,1272,416,6057,15335,149825,112,308,9482,2299,306123,124093,44885,56,11888,,914,1621,1722,26577,295,659,40593,2246,808104,10165,79072,66802,389921,10398,18741,152611,138924,46610,5583,3677,131910,213,11774,735,703,40726,16408,695,3200,15907,34,139497,1966,1140,18020,74532,312,37182,,152,9209,,386,1235,1102,10292,21278,5767,13732,2299,20,35227,64767,159,75233,374,186,181136,,2629,,19145,3240,532770,,749,1353,783,7032,130500,804877,129340,,2222,11599,2246,173039,34270,4239,7573,10839,,9050,304,,647,26325,1681,8847,25235,51455,,42349,2094,405,142412,204540,,86626,142069,,18061,438,34288,22387,8339,323,37475,2639,1346,260,27933,5726,92014,510,144,72256,20939,10476,,42713,190133,173,1452,1977,173,8153,33291,,,18999,31275,161251
United_Republic_of_Tanzania,,,,,,1249,,,,,,,,,,,,,,,,,,,,,141,,,,,,175325,,,,294,,,,,,,,,,596,25017,,,,,,,,,,59508,,,,,,,,,,,88,,,,,,,,,,,967,,,,,,,,,,,,,,8010,,,,,,,575,,,,,27247,,,,,,,149,,,,,,,6907,,,,,,,,,,,,,14651,,644,,,,,,,,,,,,,,668,,,,,,,,,,,,,,,581,,,,,,,,,,,,,,,,,2967,712,,,,,,,,,,,,,,,,,,,,4857,,,1061,,1291,,,,,,,,,,8573,852
United_States_of_America,74106,91865,19633,,,14068,,31677,199314,94229,6591,89293,51129,21961,36504,,222616,58480,60494,36906,54147,,9068,,86529,127501,,361374,,,73631,,,40495,181502,49251,830628,,,,,106717,2676697,248913,12568,699399,,,,91939,28813,44944,1210674,,20420,75864,,25560,31599,,32379,1086819,478039,188170,1352357,,36332,11086,,221489,,,46821,21879,173561,,,23157,27126,585298,161082,151699,,35652,,991516,20333,,299148,682521,607457,78760,5672,2389639,104522,394223,213417,120144,,129681,352492,711134,335767,75355,28892,125185,,29826,6119,213777,25163,119613,,85482,9676,,39449,2669,,,71903,,8365,7188,,11643298,8064,,,,6749,73754,,134424,,,105677,92801,,34157,280437,,286784,,28018,,28874,,376432,,116055,,31770,486643,1982369,419332,176803,1695637,,1060019,43928,177831,386529,,19107,23377,,25299,18708,,,87863,42314,38320,41701,36132,,,9666,,93003,101037,,111685,52908,40177,45327,14794,52116,43436,84881,4803,267938,,,19652,255967,120883,379182,2306,,45703,383559,12419,683475,50245,,,52070,61204,,236264,1300575,,,45642,24856,55463
United_States_Virgin_Islands,,,,,,,972,4587,,,501,,,,,,,368,,,,,,,,,,,2464,,,,,,,,,,,,,,,,,,,,,,,,,278,,,,,,,5508,4641,,,,,,,,,,,,,,,,,,,,,,590,,,,,,644,,,,,,,,,,,,373,,,,,,,,,,,,,,,,,,,,,,,,,,,,,780,,,,,,,,,,,,,,,,,,,,,,,,,,,4067,,,,,,,7100,3425,,518,,,,,,,,,99,,,,,,,,,,,,,,,,,,,,1759,,,,,,,,,,16861,,,,,,,,,,,
Uruguay,,,,,,,,,27662,,,,,,,,,,,,,,,,,,,12369,,,,,,,,,313,,,,,1288,,,,,,,,,,,,,,,,,,,,,,,,,,,,,,,,,470,,,,,1384,,,,,,,,,,,,,,,,,,,,,7327,,,,,,,,,,,,,,,,,,,,,,,,,532,,,,,,,,,,,,,,,,,,,,,,,,,,,1027,90,,1166,560,,,,,611,,,,,,,,,,,,,,,,,,,,,,16232,,,,,,,,,,,,,,,,,,,,,454,,623,,,,,583,,,,,,
Uzbekistan,,,,,,,,,,5870,,,,20357,,,,,26532,,,,,,,,,,,,,,,,,,,,,,,,,,,,,,,,,,,,,,,,,,,,,,,,,,,,,,,,,,,,,8610,,,,,,,,,,,,,,,,,,,,,,,,,13194,,,,4894,,,,,,,,,,,,,,,,,,,,,,,,,,,,,,,,,,,,,,,,,,,,,,,,,,,,,,877690,,,,,,,,,,,,,,,,,,,,,,,,,,,,,11496,,,,,,,,763,,,124602,,,,,,,,,,,,,,,
Vanuatu,,,,,,,,,,,,629,,,,,,,,,,,,,,,,,,,,,,,,,,,,,,,,,,,,,,,,,,,,,,,,,,,,,,,,,,,,,225,,540,,,,,,,,,,,,,,,,,,,,,,,,,,,,,,,,,,,,,,,,,,,,,,,,,,,,,,,,,,,,,,,,251,313,,,,,,,,,,,,64,,,,,,,,,,,,,,,,,,,,,,,,,,,,119,,,,,,,,,,,,,,,,29,,,,,,,,,108,,,,,,,,,,,,,
Venezuela_(Bolivarian_Republic_of),,19,95,,,188,,,9944,34,486,148,828,,,,,7,,395,20,,,,1967,24,,6026,,,142,,,,,,1136,,,,,15263,13865,573,,973315,,,,1127,,410,11423,718,15,376,46,,145,,0,14743,36973,185,1015,,28,52,,35,,,,72,3777,,,,13,4211,33,735,,163,,428,,,9149,1900,294,1027,,258,59,90,79,62,,468,51068,95,359,200,,,,71,,,140,7486,,,135,,147,,,,34,,,,,3831,,,,272,,1008,53,,,,,690,,18,2045,,105,,,,90,,14,,880,,214,47007,161,911,54591,419,,277,,874,674,,,6,,121,,,,1618,14,830,,18,256,24,103,,,71,,74582,,481,,46,114,661,15632,,70,,,,2808,14,132,,,,211,,1803,,11242,,4795,,,,12,,,,,15
Viet_Nam,,,,,,,,,,,,37,,,,,7895,,,,,,,,,,,,,,,,,,990,,1454,,,,,,3005,,,,,,,,,,,,,,1503,,,,,,,,,,,,,,,,,,205,,,,,,,,,,,,,,,,,,,1938,7860,,,,,,,,1843,,,,,,,6956,,,,,,,,,,,128,,,,,,,,,,,,,11187,,,2315,,,,,,,,,,,,591,,,,,,113,,,,,1805,,,,,,,,,,,,,,,,1751,,,,,,,,,79,,,,,,,,11552,,,,,,,,,,,,1119,,3164,,,,,,,,,,,
Wallis_and_Futuna_Islands,,,,,,,,,,,,,,,,,,,,,,,,,,,,,,,,,,,,,,,,,,,,,,,,,,,,,,,,,,,,,,,,,,,,,,,,,,,817,4,,,,,,,,,,,,,,,,,,,,,,,,,,,,,,,,,,,,,,,,,,,,,,,,,,,,,,,,,,,,,,,187,,,,,,,,,,,,,,,,,,,,,,,,,,,,,,,,,,,,,,,,,,,,,,,,,,,,,,,,,,,,,,,,,,,,,,,,29,,,,,,,
Western_Sahara,,,78,,,,,,,,,,,,,,,,,,,,,,,,,,,,,,,,,,,,,,,,,,,,,,,,,,,,,,,,,,,,,,,,,,,,,,,,268,,,,,,,,,,,,954,1007,,,,,,,,,,,,,,,,,,,,,,,,,,,,,,,,,,373,,,542,,,,,,,,,,,,,,,,,,,,,,,,,,,,,,,,,,,,,,,,,,,,,,,,1745,,,,,,,,,,,,,,,,,,,,,,,,,,,,,,,,,,,,,,,,,,,,,
Yemen,,,,,,,,,,,,,,,,,,,,,,,,,,,,,,,,,,,,,,,,,,,,,,,,,,,,,,,,,,,,,,,,7596,,,1902,,,15740,,,,,,,,,,,,,,,,,,,,,,,,,,7,9801,,,,,,,,,,,,,,,,,,,,,,,,,,,,,,,,,,,,,,,,,,,,,,,,,,,,,,,,,,,,,,,,,,,,,,,,,,,,,,0,,,,,,275683,,541,,,3757,26541,,,,3943,,,,,,,,,,,,,,,,,,,,,,15,,,,,
Zambia,,,,,,27864,,,,,,232,,,,,,,,,,,,,,,808,,,,,,4856,,,214,176,,,,,,887,,,,,7471,,,,,,,,,,26440,,,,,,144,,,,,,,,,,,61,,,,,245,154,,,,,,,,,,,,,4078,,,,,,,,,88,,,472,,,,,,,,,,,,,,10363,,191,,,,,,,,,,,1146,,554,,,,,,,,447,,,,,,,,,,,,,,,,,,,,,6573,,,,,,,,,125,,,,,,,,,2706,,,,,,,,,,,,,,,,,,,,401,,,1132,4726,836,,,,,,,,,,,13175
Zimbabwe,,,,,,,,,,,,,,,,,,,,,,,,,,,3725,,,,,,,,,,,,,,,,,,,,,,,,,,,,,,,,,,,,,,,,,,,,,,,,,,,,,,,,,,,,,,,,,,,,,,,,,,,,,,,,,,,,,,,,,,,,,104247,,,,,,,,,,,,,118442,,,,,,,,,,,,,,,,,,,,,,,,,,,,,,,,,,,,,,,,,,,,,,,,,19013,,,,,,,,,,,,,,,,,,,,,,,12243,,,,,,,,,,,,30538,